
<mfDirectoryServerRepository mfDirectoryServerVersion="1.27.42" mfRepositoryLocation="C:\ProgramData\Micro Focus\Enterprise Developer\" mfXMLReposVersion="2.0" xmlns:xsi="http://www.w3.org/2001/XMLSchema-instance" xsi:noNamespaceSchemaLocation="mfds1.27.42.xsd">

  <mfServerList>
    <mfServer>
      <objectclass>mfServer</objectclass>
      <mfStructVersion>26</mfStructVersion>
      <mfInstanceVersion>0</mfInstanceVersion>
      <mfUID>1.2.840.5043.01.021.b4be48.10425719182209000</mfUID>
      <mfServerStatus>Stopped</mfServerStatus>
      <mfServerType>MFES</mfServerType>
      <cn>ESDEMO</cn>
      <description>Sample Micro Focus Enterprise Server  </description>
      <mfESEnableStartScript>Disabled</mfESEnableStartScript>
      <mfESEnableStopScript>Disabled</mfESEnableStopScript>
      <mfESEnableNotRespondingScript>Disabled</mfESEnableNotRespondingScript>
      <mfESRetries>1</mfESRetries>
      <mfCustomConfiguration/>
      <mfServerExtendedConfiguration>
        <mfServerCASConfiguration>
          <mfCASStructVersion>33</mfCASStructVersion>
          <mfServerCASStartupOptions>
            <mfCASPAC/>
            <mfCASSOR/>
            <mfCASShMemPages>512</mfCASShMemPages>
            <mfCASSICount>2</mfCASSICount>
            <mfCASShMemCushion>32</mfCASShMemCushion>
            <mfCASTraceTableSize>341</mfCASTraceTableSize>
            <mfCASLocalTraceSize>341</mfCASLocalTraceSize>
            <mfCASTraceMaxSize>0</mfCASTraceMaxSize>
            <mfCASRequestedLicenses>10</mfCASRequestedLicenses>
            <mfCASSysDir/>
            <mfCASHSFEnabled>0</mfCASHSFEnabled>
            <mfCASHSFWriteToDisk>0</mfCASHSFWriteToDisk>
            <mfCASHSFMaxFileSize>0</mfCASHSFMaxFileSize>
            <mfCASHSFMaxDisplayRecords>256</mfCASHSFMaxDisplayRecords>
            <mfCASHSFCreateJCLFileRecords>0</mfCASHSFCreateJCLFileRecords>
            <mfCASConsoleLogSize>0</mfCASConsoleLogSize>
            <mfCASDefaultSysDir/>
            <mfLogPath/>
            <mfCASDumpOnAbend>1</mfCASDumpOnAbend>
            <mfCASColdStartTrace>1</mfCASColdStartTrace>
            <mfCASAuxiliaryTrace>0</mfCASAuxiliaryTrace>
            <mfCASShowConsole>0</mfCASShowConsole>
            <mfCASRemoteDebug>0</mfCASRemoteDebug>
            <mfCASIRDSWarmStart>1</mfCASIRDSWarmStart>
            <mfCASIRDSFileName/>
            <mfCASIRDSMaxSize>32</mfCASIRDSMaxSize>
            <mfCASIRDSBufferQueueCount>1</mfCASIRDSBufferQueueCount>
            <mfCASStartOnSystemStart>0</mfCASStartOnSystemStart>
            <mfCASCICSEZASOKET>0</mfCASCICSEZASOKET>
            <mfCAS64Bit>0</mfCAS64Bit>
            <mfCASPurgeLogs>0</mfCASPurgeLogs>
            <mfCASPerformanceMonitor>0</mfCASPerformanceMonitor>
            <mfCASEventLogInformational>0</mfCASEventLogInformational>
            <mfCASEventLogWarning>0</mfCASEventLogWarning>
            <mfCASEventLogError>0</mfCASEventLogError>
            <mfCASEventLogSevere>0</mfCASEventLogSevere>
            <mfCASMTOEnabled>0</mfCASMTOEnabled>
            <mfCASCICSPersonality>0</mfCASCICSPersonality>
            <mfCASBatchEnabled>0</mfCASBatchEnabled>
            <mfCASIMSEnabled>0</mfCASIMSEnabled>
            <mfCASPLIEnabled>0</mfCASPLIEnabled>
            <mfMQLEnabled>0</mfMQLEnabled>
          </mfServerCASStartupOptions>
          <mfServerCASTraceOptions>
            <mfCASTraceFlagsTaskControl>1</mfCASTraceFlagsTaskControl>
            <mfCASTraceFlagsStorageControl>0</mfCASTraceFlagsStorageControl>
            <mfCASTraceFlagsTableManagement>0</mfCASTraceFlagsTableManagement>
            <mfCASTraceFlagsApplicationContainer>0</mfCASTraceFlagsApplicationContainer>
            <mfCASTraceFlagsRequestHandler>0</mfCASTraceFlagsRequestHandler>
            <mfCASTraceFlagsRMInterface>0</mfCASTraceFlagsRMInterface>
            <mfCASTraceFlagsCommunications>0</mfCASTraceFlagsCommunications>
            <mfCASTraceFlagsApplication>1</mfCASTraceFlagsApplication>
            <mfCASTraceFlagsExit>0</mfCASTraceFlagsExit>
          </mfServerCASTraceOptions>
          <mfServerMTOConfiguration/>
          <mfServerBatchConfiguration>
            <mfCASJCLMainframePollInterval>0</mfCASJCLMainframePollInterval>
          </mfServerBatchConfiguration>
          <mfServerIMSConfiguration>
            <mfCASIMSCodesetBias>A</mfCASIMSCodesetBias>
            <mfCASIMSMFSAttributeBias>B</mfCASIMSMFSAttributeBias>
            <mfCASIMSMFSNullChar>x'1A'</mfCASIMSMFSNullChar>
            <mfCASIMSKeypointFrequency>64</mfCASIMSKeypointFrequency>
            <mfCASIMSDefaultMQName>1</mfCASIMSDefaultMQName>
            <mfCASIMSTrailingSpace>1</mfCASIMSTrailingSpace>
            <mfCASIMSDBLockedResourceTimeout>30</mfCASIMSDBLockedResourceTimeout>
            <mfCASIMSDBKeyCompression>1</mfCASIMSDBKeyCompression>
            <mfCASIMSDBIRLMLocking>0</mfCASIMSDBIRLMLocking>
            <mfCASIMSDBDumpOnLockTimeout>0</mfCASIMSDBDumpOnLockTimeout>
            <mfCASIMSDBDumpOnDeadlock>0</mfCASIMSDBDumpOnDeadlock>
            <mfCASIMSDBRollforwardRecovery>0</mfCASIMSDBRollforwardRecovery>
            <mfCASIMSDBDataCompression>1</mfCASIMSDBDataCompression>
            <mfCASIMSTMTransThreshold>0</mfCASIMSTMTransThreshold>
            <mfCASIMSTMMQMaxBlocks>32</mfCASIMSTMMQMaxBlocks>
            <mfCASIMSTMMQBufferCount>2</mfCASIMSTMMQBufferCount>
            <mfCASIMSTMMQColdStart>N</mfCASIMSTMMQColdStart>
            <mfCASIMSTMMQPersistColdStart>0</mfCASIMSTMMQPersistColdStart>
          </mfServerIMSConfiguration>
          <mfServerPLIConfiguration>
            <mfCASPLIUseJavaDebug>0</mfCASPLIUseJavaDebug>
            <mfCASPLIPromptPLITEST>0</mfCASPLIPromptPLITEST>
          </mfServerPLIConfiguration>
        </mfServerCASConfiguration>
      </mfServerExtendedConfiguration>
      <mfCommsProcessList>
        <mfCommsProcess>
          <objectclass>mfCommsServer</objectclass>
          <mfStructVersion>5</mfStructVersion>
          <mfUID>1.2.840.5043.06.004.1630586101.1</mfUID>
          <mfServerUID>1.2.840.5043.01.021.b4be48.10425719182209000</mfServerUID>
          <mfInstance>1</mfInstance>
          <mfServerStatus>Stopped</mfServerStatus>
          <mfRequestedEndpoint>tcp:*:9000</mfRequestedEndpoint>
          <mfActualEndpoint>tcp:0.0.0.0:0</mfActualEndpoint>
          <mfSSLCertificate/>
          <mfSSLKeyfile/>
          <mfSSLClientOption>1</mfSSLClientOption>
          <mfSSLMaxKeyLength>1024</mfSSLMaxKeyLength>
          <mfSSLAllowNULLCipher>No</mfSSLAllowNULLCipher>
          <mfSSLCARootfile/>
          <mfSSLAllowCertCNIPMismatch>No</mfSSLAllowCertCNIPMismatch>
          <mfSSLCheckCertRevocation>Yes</mfSSLCheckCertRevocation>
          <mfSSLCheckCertPublishersRevocation>No</mfSSLCheckCertPublishersRevocation>
          <mfSSLHonorServerCipherList>Yes</mfSSLHonorServerCipherList>
          <mfTLSProtocols/>
          <mfTLSCipherSuites/>
          <mfTLSDHMinimumGroupSize>0</mfTLSDHMinimumGroupSize>
          <mfTLSCipherGroups/>
          <mfSSLServerCARootfile/>
          <mfTLS13CipherSuites/>
          <mfTLSMiddleBoxCompatibilityMode>Yes</mfTLSMiddleBoxCompatibilityMode>
          <mfLogPath/>
          <mfAutoStart>1</mfAutoStart>
          <mfCustomConfiguration>[soap]
region=ESDEMO
</mfCustomConfiguration>
          <mfListenerList>
            <mfListener>
              <objectclass>mflistener</objectclass>
              <mfStructVersion>18</mfStructVersion>
              <mfUID>1.2.840.5043.02.013.b4b028.10425719180209002</mfUID>
              <mfServerUID>1.2.840.5043.06.004.1630586101.1</mfServerUID>
              <cn>HTTP Echo</cn>
              <mfListenerStatus>Stopped</mfListenerStatus>
              <mfRequestedEndpoint>tcp:*:9002</mfRequestedEndpoint>
              <mfActualEndpoint>tcp:0.0.0.0:0</mfActualEndpoint>
              <mfConnector>http-echo::http-echo</mfConnector>
              <mfError/>
              <description>Simple HTTP test</description>
              <mfSSLCertificate/>
              <mfSSLKeyfile/>
              <mfSSLClientOption>1</mfSSLClientOption>
              <mfSSLMaxKeyLength>1024</mfSSLMaxKeyLength>
              <mfSSLAllowNULLCipher>No</mfSSLAllowNULLCipher>
              <mfSSLCARootfile/>
              <mfSSLAllowCertCNIPMismatch>No</mfSSLAllowCertCNIPMismatch>
              <mfSSLCheckCertRevocation>Yes</mfSSLCheckCertRevocation>
              <mfSSLCheckCertPublishersRevocation>No</mfSSLCheckCertPublishersRevocation>
              <mfSSLHonorServerCipherList>No</mfSSLHonorServerCipherList>
              <mfTLSProtocols/>
              <mfTLSCipherSuites/>
              <mfTLSDHMinimumGroupSize>0</mfTLSDHMinimumGroupSize>
              <mfTLSCipherGroups/>
              <mfSSLServerCARootfile/>
              <mfTLS13CipherSuites/>
              <mfTLSMiddleBoxCompatibilityMode>No</mfTLSMiddleBoxCompatibilityMode>
              <mfCustomConfiguration/>
            </mfListener>
            <mfListener>
              <objectclass>mflistener</objectclass>
              <mfStructVersion>18</mfStructVersion>
              <mfUID>1.2.840.5043.02.013.b535b8.10425719180200</mfUID>
              <mfServerUID>1.2.840.5043.06.004.1630586101.1</mfServerUID>
              <cn>Web</cn>
              <mfListenerStatus>Stopped</mfListenerStatus>
              <mfRequestedEndpoint>tcp:*:*</mfRequestedEndpoint>
              <mfActualEndpoint>tcp:0.0.0.0:0</mfActualEndpoint>
              <mfConnector>http-switch::http-switch</mfConnector>
              <mfError>DF0416W Warning: Insecure deployment listener. Consider disabling listener or setting the endpoint to "127.0.0.1:*"</mfError>
              <description>Basic HTTP web server</description>
              <mfSSLCertificate/>
              <mfSSLKeyfile/>
              <mfSSLClientOption>1</mfSSLClientOption>
              <mfSSLMaxKeyLength>1024</mfSSLMaxKeyLength>
              <mfSSLAllowNULLCipher>No</mfSSLAllowNULLCipher>
              <mfSSLCARootfile/>
              <mfSSLAllowCertCNIPMismatch>No</mfSSLAllowCertCNIPMismatch>
              <mfSSLCheckCertRevocation>Yes</mfSSLCheckCertRevocation>
              <mfSSLCheckCertPublishersRevocation>No</mfSSLCheckCertPublishersRevocation>
              <mfSSLHonorServerCipherList>No</mfSSLHonorServerCipherList>
              <mfTLSProtocols/>
              <mfTLSCipherSuites/>
              <mfTLSDHMinimumGroupSize>0</mfTLSDHMinimumGroupSize>
              <mfTLSCipherGroups/>
              <mfSSLServerCARootfile/>
              <mfTLS13CipherSuites/>
              <mfTLSMiddleBoxCompatibilityMode>No</mfTLSMiddleBoxCompatibilityMode>
              <mfCustomConfiguration>[virtual paths]
cgi=&lt;ES&gt;/bin
uploads=&lt;ES&gt;/deploy
&lt;default&gt;=/dev/null
docs=&lt;ES&gt;/help

[allow]
cgi=mfdeploy.exe
uploads=*.txt *.car *.wsdl
</mfCustomConfiguration>
            </mfListener>
            <mfListener>
              <objectclass>mflistener</objectclass>
              <mfStructVersion>18</mfStructVersion>
              <mfUID>1.2.840.5043.02.013.af0b70.10425719180209003</mfUID>
              <mfServerUID>1.2.840.5043.06.004.1630586101.1</mfServerUID>
              <cn>Web Services and J2EE</cn>
              <mfListenerStatus>Stopped</mfListenerStatus>
              <mfRequestedEndpoint>tcp:*:9003</mfRequestedEndpoint>
              <mfActualEndpoint>tcp:0.0.0.0:0</mfActualEndpoint>
              <mfConnector>soap::soap</mfConnector>
              <mfError/>
              <description>Web Services and J2EE via HTTP/SOAP</description>
              <mfSSLCertificate/>
              <mfSSLKeyfile/>
              <mfSSLClientOption>1</mfSSLClientOption>
              <mfSSLMaxKeyLength>1024</mfSSLMaxKeyLength>
              <mfSSLAllowNULLCipher>No</mfSSLAllowNULLCipher>
              <mfSSLCARootfile/>
              <mfSSLAllowCertCNIPMismatch>No</mfSSLAllowCertCNIPMismatch>
              <mfSSLCheckCertRevocation>Yes</mfSSLCheckCertRevocation>
              <mfSSLCheckCertPublishersRevocation>No</mfSSLCheckCertPublishersRevocation>
              <mfSSLHonorServerCipherList>No</mfSSLHonorServerCipherList>
              <mfTLSProtocols/>
              <mfTLSCipherSuites/>
              <mfTLSDHMinimumGroupSize>0</mfTLSDHMinimumGroupSize>
              <mfTLSCipherGroups/>
              <mfSSLServerCARootfile/>
              <mfTLS13CipherSuites/>
              <mfTLSMiddleBoxCompatibilityMode>No</mfTLSMiddleBoxCompatibilityMode>
              <mfCustomConfiguration/>
            </mfListener>
          </mfListenerList>
        </mfCommsProcess>
      </mfCommsProcessList>
      <mfHandlerList>
        <mfHandler>
          <objectclass>mfHandler</objectclass>
          <mfStructVersion>2</mfStructVersion>
          <mfUID>1.2.840.5043.05.002.1630586101.1</mfUID>
          <mfServerUID>1.2.840.5043.01.021.b4be48.10425719182209000</mfServerUID>
          <cn>MFRHJSON</cn>
          <mfHandlerStatus>Enabled</mfHandlerStatus>
          <description>Handles REST requests</description>
          <mfCustomConfiguration/>
          <mfHandlerPath/>
        </mfHandler>
        <mfHandler>
          <objectclass>mfHandler</objectclass>
          <mfStructVersion>2</mfStructVersion>
          <mfUID>1.2.840.5043.05.001.b45e28.1042571918.adddf4</mfUID>
          <mfServerUID>1.2.840.5043.01.021.b4be48.10425719182209000</mfServerUID>
          <cn>MFRHBINP</cn>
          <mfHandlerStatus>Enabled</mfHandlerStatus>
          <description>Handles J2EE requests</description>
          <mfCustomConfiguration/>
          <mfHandlerPath/>
        </mfHandler>
        <mfHandler>
          <objectclass>mfHandler</objectclass>
          <mfStructVersion>2</mfStructVersion>
          <mfUID>1.2.840.5043.05.001.af4028.1042571918.adddf4</mfUID>
          <mfServerUID>1.2.840.5043.01.021.b4be48.10425719182209000</mfServerUID>
          <cn>MFRHSOAP</cn>
          <mfHandlerStatus>Enabled</mfHandlerStatus>
          <description>Handle SOAP requests</description>
          <mfCustomConfiguration/>
          <mfHandlerPath/>
        </mfHandler>
      </mfHandlerList>
      <mfServiceList>
        <mfService>
          <objectclass>mfService</objectclass>
          <mfStructVersion>16</mfStructVersion>
          <mfUID>1.2.840.5043.03.015.b46a40.1042571918.0209001</mfUID>
          <mfServerUID>1.2.840.5043.01.021.b4be48.10425719182209000</mfServerUID>
          <cn>Test</cn>
          <mfSearchOrder>1</mfSearchOrder>
          <mfServiceStatus>Available</mfServiceStatus>
          <mfServiceClass/>
          <description>Basic HTTP test service</description>
          <mfTRMode>Application</mfTRMode>
          <mfLogMode>Off</mfLogMode>
          <mfError/>
          <mfCustomConfiguration/>
          <mfListenerUID>
            <mfUID>1.2.840.5043.02.013.b4b028.10425719180209002</mfUID>
          </mfListenerUID>
        </mfService>
        <mfService>
          <objectclass>mfService</objectclass>
          <mfStructVersion>16</mfStructVersion>
          <mfUID>1.2.840.5043.03.015.b46de8.1042571918.02100007f8001</mfUID>
          <mfServerUID>1.2.840.5043.01.021.b4be48.10425719182209000</mfServerUID>
          <cn>Deployer</cn>
          <mfSearchOrder>1</mfSearchOrder>
          <mfServiceStatus>Available</mfServiceStatus>
          <mfServiceClass>MF deployment</mfServiceClass>
          <description>Deployment file-upload service</description>
          <mfTRMode>Application</mfTRMode>
          <mfLogMode>Off</mfLogMode>
          <mfError/>
          <mfCustomConfiguration>[MF client]
scheme=http
URL=/cgi/mfdeploy.exe/uploads
accept=application/x-zip-compressed

[destination]
listener=Web Services and J2EE
</mfCustomConfiguration>
          <mfListenerUID>
            <mfUID>1.2.840.5043.02.013.b535b8.10425719180200</mfUID>
          </mfListenerUID>
        </mfService>
        <mfService>
          <objectclass>mfService</objectclass>
          <mfStructVersion>16</mfStructVersion>
          <mfUID>1.2.840.5043.03.016.b75ee8.1097676921.1</mfUID>
          <mfServerUID>1.2.840.5043.01.021.b4be48.10425719182209000</mfServerUID>
          <cn>JES</cn>
          <mfSearchOrder>1</mfSearchOrder>
          <mfServiceStatus>Available</mfServiceStatus>
          <mfServiceClass>MF JES</mfServiceClass>
          <description>Job Entry Subsystem service</description>
          <mfTRMode>Application</mfTRMode>
          <mfLogMode>Off</mfLogMode>
          <mfError/>
          <mfCustomConfiguration/>
          <mfListenerUID>
            <mfUID>1.2.840.5043.02.013.af0b70.10425719180209003</mfUID>
          </mfListenerUID>
        </mfService>
        <mfService>
          <objectclass>mfService</objectclass>
          <mfStructVersion>16</mfStructVersion>
          <mfUID>1.2.840.5043.03.016.b60460.1097676960.2</mfUID>
          <mfServerUID>1.2.840.5043.01.021.b4be48.10425719182209000</mfServerUID>
          <cn>CICS</cn>
          <mfSearchOrder>1</mfSearchOrder>
          <mfServiceStatus>Available</mfServiceStatus>
          <mfServiceClass>MF CICS</mfServiceClass>
          <description>CICS utility service</description>
          <mfTRMode>Application</mfTRMode>
          <mfLogMode>Off</mfLogMode>
          <mfError/>
          <mfCustomConfiguration/>
          <mfListenerUID>
            <mfUID>1.2.840.5043.02.013.af0b70.10425719180209003</mfUID>
          </mfListenerUID>
        </mfService>
        <mfService>
          <objectclass>mfService</objectclass>
          <mfStructVersion>16</mfStructVersion>
          <mfUID>1.2.840.5043.03.016.b75d60.1097676999.3</mfUID>
          <mfServerUID>1.2.840.5043.01.021.b4be48.10425719182209000</mfServerUID>
          <cn>ES</cn>
          <mfSearchOrder>1</mfSearchOrder>
          <mfServiceStatus>Available</mfServiceStatus>
          <mfServiceClass>MF ES</mfServiceClass>
          <description>ES uitility service</description>
          <mfTRMode>Application</mfTRMode>
          <mfLogMode>Off</mfLogMode>
          <mfError/>
          <mfCustomConfiguration/>
          <mfListenerUID>
            <mfUID>1.2.840.5043.02.013.af0b70.10425719180209003</mfUID>
          </mfListenerUID>
        </mfService>
      </mfServiceList>
      <mfPackageList/>
      <mfXRMList/>
      <mfJESInitiatorList/>
      <mfJESPrinterList/>
      <mfIMSMPRList/>
      <mfMQListenerList/>
    </mfServer>
    <mfServer>
      <objectclass>mfServer</objectclass>
      <mfStructVersion>26</mfStructVersion>
      <mfInstanceVersion>0</mfInstanceVersion>
      <mfUID>1.2.840.5043.01.026.1597356651.1</mfUID>
      <mfServerStatus>Stopped</mfServerStatus>
      <mfServerType>MFES</mfServerType>
      <cn>MFDBFH1</cn>
      <description>Micro Focus Enterprise Server</description>
      <mfESEnableStartScript>Disabled</mfESEnableStartScript>
      <mfESEnableStopScript>Disabled</mfESEnableStopScript>
      <mfESEnableNotRespondingScript>Disabled</mfESEnableNotRespondingScript>
      <mfESRetries>1</mfESRetries>
      <mfCustomConfiguration>[ES-Environment]
MFROOT=C:\MFSamples\PAC
###################################################
# MFDBFH Config
ES_DB_FH=Y
MFDBFH_CONFIG=$MFROOT\VSAMDB\MFDBFH.cfg
ES_DB_SERVER=MYSERVER
MFDBFH_SCRIPT_DIR=C:\Program Files (x86)\Micro Focus\Enterprise Developer\etc\mfdbfh\scripts
####### CTF Config
xxxMFTRACE_CONFIG=$MFROOT\ctf\ctf.cfg
####### Allocation Override
ES_ALLOC_OVERRIDE=$MFROOT\region\ALLOCOVERRIDE.CFG
ES_SSTM_CICS=$MFROOT\regions\sstmcics.jcl

</mfCustomConfiguration>
      <mfServerExtendedConfiguration>
        <mfServerCASConfiguration>
          <mfCASStructVersion>33</mfCASStructVersion>
          <mfServerCASStartupOptions>
            <mfCASPAC/>
            <mfCASSOR/>
            <mfCASShMemPages>512</mfCASShMemPages>
            <mfCASSICount>2</mfCASSICount>
            <mfCASShMemCushion>32</mfCASShMemCushion>
            <mfCASTraceTableSize>341</mfCASTraceTableSize>
            <mfCASLocalTraceSize>341</mfCASLocalTraceSize>
            <mfCASTraceMaxSize>0</mfCASTraceMaxSize>
            <mfCASRequestedLicenses>10</mfCASRequestedLicenses>
            <mfCASSysDir>$MFROOT\regions\MFDBFH1\sysdir</mfCASSysDir>
            <mfCASHSFEnabled>0</mfCASHSFEnabled>
            <mfCASHSFWriteToDisk>0</mfCASHSFWriteToDisk>
            <mfCASHSFMaxFileSize>0</mfCASHSFMaxFileSize>
            <mfCASHSFMaxDisplayRecords>256</mfCASHSFMaxDisplayRecords>
            <mfCASHSFCreateJCLFileRecords>0</mfCASHSFCreateJCLFileRecords>
            <mfCASConsoleLogSize>0</mfCASConsoleLogSize>
            <mfCASDefaultSysDir/>
            <mfLogPath/>
            <mfCASDumpOnAbend>1</mfCASDumpOnAbend>
            <mfCASColdStartTrace>1</mfCASColdStartTrace>
            <mfCASAuxiliaryTrace>1</mfCASAuxiliaryTrace>
            <mfCASShowConsole>0</mfCASShowConsole>
            <mfCASRemoteDebug>0</mfCASRemoteDebug>
            <mfCASIRDSWarmStart>0</mfCASIRDSWarmStart>
            <mfCASIRDSFileName/>
            <mfCASIRDSMaxSize>32</mfCASIRDSMaxSize>
            <mfCASIRDSBufferQueueCount>1</mfCASIRDSBufferQueueCount>
            <mfCASStartOnSystemStart>0</mfCASStartOnSystemStart>
            <mfCASCICSEZASOKET>0</mfCASCICSEZASOKET>
            <mfCAS64Bit>0</mfCAS64Bit>
            <mfCASPurgeLogs>0</mfCASPurgeLogs>
            <mfCASPerformanceMonitor>0</mfCASPerformanceMonitor>
            <mfCASEventLogInformational>0</mfCASEventLogInformational>
            <mfCASEventLogWarning>0</mfCASEventLogWarning>
            <mfCASEventLogError>0</mfCASEventLogError>
            <mfCASEventLogSevere>0</mfCASEventLogSevere>
            <mfCASMTOEnabled>1</mfCASMTOEnabled>
            <mfCASCICSPersonality>1</mfCASCICSPersonality>
            <mfCASBatchEnabled>1</mfCASBatchEnabled>
            <mfCASIMSEnabled>0</mfCASIMSEnabled>
            <mfCASPLIEnabled>0</mfCASPLIEnabled>
            <mfMQLEnabled>0</mfMQLEnabled>
          </mfServerCASStartupOptions>
          <mfServerCASTraceOptions>
            <mfCASTraceFlagsTaskControl>1</mfCASTraceFlagsTaskControl>
            <mfCASTraceFlagsStorageControl>0</mfCASTraceFlagsStorageControl>
            <mfCASTraceFlagsTableManagement>0</mfCASTraceFlagsTableManagement>
            <mfCASTraceFlagsApplicationContainer>0</mfCASTraceFlagsApplicationContainer>
            <mfCASTraceFlagsRequestHandler>0</mfCASTraceFlagsRequestHandler>
            <mfCASTraceFlagsRMInterface>0</mfCASTraceFlagsRMInterface>
            <mfCASTraceFlagsCommunications>0</mfCASTraceFlagsCommunications>
            <mfCASTraceFlagsApplication>1</mfCASTraceFlagsApplication>
            <mfCASTraceFlagsExit>0</mfCASTraceFlagsExit>
          </mfServerCASTraceOptions>
          <mfServerMTOConfiguration>
            <mfCASCICSSIT>MYPAC</mfCASCICSSIT>
            <mfCASTXTRANP>$MFROOT\regions\loadlib</mfCASTXTRANP>
            <mfCASTXRDTP>$MFROOT\regions\rdofile</mfCASTXRDTP>
          </mfServerMTOConfiguration>
          <mfServerBatchConfiguration>
            <mfCASJCLMainframePollInterval>0</mfCASJCLMainframePollInterval>
            <mfCASJCLPATH>$MFROOT\regions\loadlib</mfCASJCLPATH>
            <mfCASMFSYSCAT>sql://MYSERVER/VSAMDATA/catalog.dat?folder=/CATALOG</mfCASMFSYSCAT>
            <mfCASJCLALLOCLOC>sql://MYSERVER/VSAMDATA?type=folder;folder=/CATALOG/FILES</mfCASJCLALLOCLOC>
            <mfCASJCLSYSPROCLIB>SYS1.PROCLIB</mfCASJCLSYSPROCLIB>
          </mfServerBatchConfiguration>
          <mfServerIMSConfiguration>
            <mfCASIMSCodesetBias>A</mfCASIMSCodesetBias>
            <mfCASIMSMFSAttributeBias>B</mfCASIMSMFSAttributeBias>
            <mfCASIMSMFSNullChar>x'1A'</mfCASIMSMFSNullChar>
            <mfCASIMSKeypointFrequency>64</mfCASIMSKeypointFrequency>
            <mfCASIMSDefaultMQName>1</mfCASIMSDefaultMQName>
            <mfCASIMSTrailingSpace>1</mfCASIMSTrailingSpace>
            <mfCASIMSDBLockedResourceTimeout>30</mfCASIMSDBLockedResourceTimeout>
            <mfCASIMSDBKeyCompression>1</mfCASIMSDBKeyCompression>
            <mfCASIMSDBIRLMLocking>0</mfCASIMSDBIRLMLocking>
            <mfCASIMSDBDumpOnLockTimeout>0</mfCASIMSDBDumpOnLockTimeout>
            <mfCASIMSDBDumpOnDeadlock>0</mfCASIMSDBDumpOnDeadlock>
            <mfCASIMSDBRollforwardRecovery>0</mfCASIMSDBRollforwardRecovery>
            <mfCASIMSDBDataCompression>1</mfCASIMSDBDataCompression>
            <mfCASIMSTMTransThreshold>0</mfCASIMSTMTransThreshold>
            <mfCASIMSTMMQMaxBlocks>32</mfCASIMSTMMQMaxBlocks>
            <mfCASIMSTMMQBufferCount>2</mfCASIMSTMMQBufferCount>
            <mfCASIMSTMMQColdStart>N</mfCASIMSTMMQColdStart>
            <mfCASIMSTMMQPersistColdStart>0</mfCASIMSTMMQPersistColdStart>
          </mfServerIMSConfiguration>
          <mfServerPLIConfiguration>
            <mfCASPLIUseJavaDebug>0</mfCASPLIUseJavaDebug>
            <mfCASPLIPromptPLITEST>0</mfCASPLIPromptPLITEST>
          </mfServerPLIConfiguration>
        </mfServerCASConfiguration>
      </mfServerExtendedConfiguration>
      <mfCommsProcessList>
        <mfCommsProcess>
          <objectclass>mfCommsServer</objectclass>
          <mfStructVersion>5</mfStructVersion>
          <mfUID>1.2.840.5043.06.005.1597356651.1</mfUID>
          <mfServerUID>1.2.840.5043.01.026.1597356651.1</mfServerUID>
          <mfInstance>1</mfInstance>
          <mfServerStatus>Stopped</mfServerStatus>
          <mfRequestedEndpoint>tcp:0.0.0.0:5050</mfRequestedEndpoint>
          <mfActualEndpoint>tcp:0.0.0.0:0</mfActualEndpoint>
          <mfSSLCertificate/>
          <mfSSLKeyfile/>
          <mfSSLClientOption>1</mfSSLClientOption>
          <mfSSLMaxKeyLength>0</mfSSLMaxKeyLength>
          <mfSSLAllowNULLCipher>No</mfSSLAllowNULLCipher>
          <mfSSLCARootfile/>
          <mfSSLAllowCertCNIPMismatch>No</mfSSLAllowCertCNIPMismatch>
          <mfSSLCheckCertRevocation>No</mfSSLCheckCertRevocation>
          <mfSSLCheckCertPublishersRevocation>No</mfSSLCheckCertPublishersRevocation>
          <mfSSLHonorServerCipherList>No</mfSSLHonorServerCipherList>
          <mfTLSProtocols/>
          <mfTLSCipherSuites/>
          <mfTLSDHMinimumGroupSize>0</mfTLSDHMinimumGroupSize>
          <mfTLSCipherGroups/>
          <mfSSLServerCARootfile/>
          <mfTLS13CipherSuites/>
          <mfTLSMiddleBoxCompatibilityMode>Yes</mfTLSMiddleBoxCompatibilityMode>
          <mfLogPath/>
          <mfAutoStart>1</mfAutoStart>
          <mfCustomConfiguration>[soap]
region=MFDBFH1
</mfCustomConfiguration>
          <mfListenerList>
            <mfListener>
              <objectclass>mflistener</objectclass>
              <mfStructVersion>18</mfStructVersion>
              <mfUID>1.2.840.5043.02.018.1597356651.1</mfUID>
              <mfServerUID>1.2.840.5043.06.005.1597356651.1</mfServerUID>
              <cn>Web Services and J2EE</cn>
              <mfListenerStatus>Stopped</mfListenerStatus>
              <mfRequestedEndpoint>tcp:0.0.0.0:5052</mfRequestedEndpoint>
              <mfActualEndpoint>tcp:0.0.0.0:0</mfActualEndpoint>
              <mfConnector>mfcs-mp::mfcs-mp</mfConnector>
              <mfError>OK</mfError>
              <description>SOAP/REST Web Services and J2EE</description>
              <mfSSLCertificate/>
              <mfSSLKeyfile/>
              <mfSSLClientOption>1</mfSSLClientOption>
              <mfSSLMaxKeyLength>0</mfSSLMaxKeyLength>
              <mfSSLAllowNULLCipher>No</mfSSLAllowNULLCipher>
              <mfSSLCARootfile/>
              <mfSSLAllowCertCNIPMismatch>No</mfSSLAllowCertCNIPMismatch>
              <mfSSLCheckCertRevocation>No</mfSSLCheckCertRevocation>
              <mfSSLCheckCertPublishersRevocation>No</mfSSLCheckCertPublishersRevocation>
              <mfSSLHonorServerCipherList>Yes</mfSSLHonorServerCipherList>
              <mfTLSProtocols/>
              <mfTLSCipherSuites/>
              <mfTLSDHMinimumGroupSize>0</mfTLSDHMinimumGroupSize>
              <mfTLSCipherGroups/>
              <mfSSLServerCARootfile/>
              <mfTLS13CipherSuites/>
              <mfTLSMiddleBoxCompatibilityMode>Yes</mfTLSMiddleBoxCompatibilityMode>
              <mfCustomConfiguration/>
            </mfListener>
            <mfListener>
              <objectclass>mflistener</objectclass>
              <mfStructVersion>18</mfStructVersion>
              <mfUID>1.2.840.5043.02.018.1597356651.2</mfUID>
              <mfServerUID>1.2.840.5043.06.005.1597356651.1</mfServerUID>
              <cn>Web</cn>
              <mfListenerStatus>Disabled</mfListenerStatus>
              <mfRequestedEndpoint>tcp:127.0.0.1:*</mfRequestedEndpoint>
              <mfActualEndpoint>tcp:0.0.0.0:0</mfActualEndpoint>
              <mfConnector>http-switch::http-switch</mfConnector>
              <mfError>Starting endpoint...</mfError>
              <description>Basic HTTP web server</description>
              <mfSSLCertificate/>
              <mfSSLKeyfile/>
              <mfSSLClientOption>1</mfSSLClientOption>
              <mfSSLMaxKeyLength>0</mfSSLMaxKeyLength>
              <mfSSLAllowNULLCipher>No</mfSSLAllowNULLCipher>
              <mfSSLCARootfile/>
              <mfSSLAllowCertCNIPMismatch>No</mfSSLAllowCertCNIPMismatch>
              <mfSSLCheckCertRevocation>No</mfSSLCheckCertRevocation>
              <mfSSLCheckCertPublishersRevocation>No</mfSSLCheckCertPublishersRevocation>
              <mfSSLHonorServerCipherList>Yes</mfSSLHonorServerCipherList>
              <mfTLSProtocols/>
              <mfTLSCipherSuites/>
              <mfTLSDHMinimumGroupSize>0</mfTLSDHMinimumGroupSize>
              <mfTLSCipherGroups/>
              <mfSSLServerCARootfile/>
              <mfTLS13CipherSuites/>
              <mfTLSMiddleBoxCompatibilityMode>Yes</mfTLSMiddleBoxCompatibilityMode>
              <mfCustomConfiguration>[virtual paths]
cgi=&lt;ES&gt;/bin
uploads=&lt;ES&gt;/deploy
docs=&lt;ES&gt;/help

[allow]
cgi=mfdeploy.exe
uploads=*.txt *.car *.wsdl
</mfCustomConfiguration>
            </mfListener>
            <mfListener>
              <objectclass>mflistener</objectclass>
              <mfStructVersion>18</mfStructVersion>
              <mfUID>1.2.840.5043.02.018.1597356651.3</mfUID>
              <mfServerUID>1.2.840.5043.06.005.1597356651.1</mfServerUID>
              <cn>TN3270</cn>
              <mfListenerStatus>Stopped</mfListenerStatus>
              <mfRequestedEndpoint>tcp:0.0.0.0:5051</mfRequestedEndpoint>
              <mfActualEndpoint>tcp:0.0.0.0:0</mfActualEndpoint>
              <mfConnector>tn3270::tn3270</mfConnector>
              <mfError>OK</mfError>
              <description>Default TN3270 listener</description>
              <mfSSLCertificate/>
              <mfSSLKeyfile/>
              <mfSSLClientOption>1</mfSSLClientOption>
              <mfSSLMaxKeyLength>0</mfSSLMaxKeyLength>
              <mfSSLAllowNULLCipher>No</mfSSLAllowNULLCipher>
              <mfSSLCARootfile/>
              <mfSSLAllowCertCNIPMismatch>No</mfSSLAllowCertCNIPMismatch>
              <mfSSLCheckCertRevocation>No</mfSSLCheckCertRevocation>
              <mfSSLCheckCertPublishersRevocation>No</mfSSLCheckCertPublishersRevocation>
              <mfSSLHonorServerCipherList>Yes</mfSSLHonorServerCipherList>
              <mfTLSProtocols/>
              <mfTLSCipherSuites/>
              <mfTLSDHMinimumGroupSize>0</mfTLSDHMinimumGroupSize>
              <mfTLSCipherGroups/>
              <mfSSLServerCARootfile/>
              <mfTLS13CipherSuites/>
              <mfTLSMiddleBoxCompatibilityMode>Yes</mfTLSMiddleBoxCompatibilityMode>
              <mfCustomConfiguration/>
            </mfListener>
          </mfListenerList>
        </mfCommsProcess>
      </mfCommsProcessList>
      <mfHandlerList>
        <mfHandler>
          <objectclass>mfHandler</objectclass>
          <mfStructVersion>2</mfStructVersion>
          <mfUID>1.2.840.5043.05.002.1597356651.1</mfUID>
          <mfServerUID>1.2.840.5043.01.026.1597356651.1</mfServerUID>
          <cn>MFRHBINP</cn>
          <mfHandlerStatus>Enabled</mfHandlerStatus>
          <description>Handles J2EE requests</description>
          <mfCustomConfiguration/>
          <mfHandlerPath/>
        </mfHandler>
        <mfHandler>
          <objectclass>mfHandler</objectclass>
          <mfStructVersion>2</mfStructVersion>
          <mfUID>1.2.840.5043.05.002.1597356651.2</mfUID>
          <mfServerUID>1.2.840.5043.01.026.1597356651.1</mfServerUID>
          <cn>MFRHSOAP</cn>
          <mfHandlerStatus>Enabled</mfHandlerStatus>
          <description>Handles SOAP requests</description>
          <mfCustomConfiguration/>
          <mfHandlerPath/>
        </mfHandler>
        <mfHandler>
          <objectclass>mfHandler</objectclass>
          <mfStructVersion>2</mfStructVersion>
          <mfUID>1.2.840.5043.05.002.1597356651.3</mfUID>
          <mfServerUID>1.2.840.5043.01.026.1597356651.1</mfServerUID>
          <cn>MFRHJCL</cn>
          <mfHandlerStatus>Enabled</mfHandlerStatus>
          <description>Handles batch requests</description>
          <mfCustomConfiguration/>
          <mfHandlerPath/>
        </mfHandler>
        <mfHandler>
          <objectclass>mfHandler</objectclass>
          <mfStructVersion>2</mfStructVersion>
          <mfUID>1.2.840.5043.05.002.1597356651.4</mfUID>
          <mfServerUID>1.2.840.5043.01.026.1597356651.1</mfServerUID>
          <cn>MFRHJSON</cn>
          <mfHandlerStatus>Enabled</mfHandlerStatus>
          <description>Handles REST requests</description>
          <mfCustomConfiguration/>
          <mfHandlerPath/>
        </mfHandler>
      </mfHandlerList>
      <mfServiceList>
        <mfService>
          <objectclass>mfService</objectclass>
          <mfStructVersion>16</mfStructVersion>
          <mfUID>1.2.840.5043.03.016.1597356651.1</mfUID>
          <mfServerUID>1.2.840.5043.01.026.1597356651.1</mfServerUID>
          <cn>Deployer</cn>
          <mfSearchOrder>1</mfSearchOrder>
          <mfServiceStatus>Available</mfServiceStatus>
          <mfServiceClass>MF deployment</mfServiceClass>
          <description>Deployment file-upload service</description>
          <mfTRMode>Unknown</mfTRMode>
          <mfLogMode>Off</mfLogMode>
          <mfError>OK</mfError>
          <mfCustomConfiguration>[MF client]
scheme=http
URL=/cgi/mfdeploy.exe/uploads
accept=application/x-zip-compressed

[destination]
listener=Web Services and J2EE
</mfCustomConfiguration>
          <mfListenerUID>
            <mfUID>1.2.840.5043.02.018.1597356651.2</mfUID>
          </mfListenerUID>
        </mfService>
        <mfService>
          <objectclass>mfService</objectclass>
          <mfStructVersion>16</mfStructVersion>
          <mfUID>1.2.840.5043.03.016.1597356651.2</mfUID>
          <mfServerUID>1.2.840.5043.01.026.1597356651.1</mfServerUID>
          <cn>ES</cn>
          <mfSearchOrder>1</mfSearchOrder>
          <mfServiceStatus>Available</mfServiceStatus>
          <mfServiceClass>MF ES</mfServiceClass>
          <description>ES utility service</description>
          <mfTRMode>Unknown</mfTRMode>
          <mfLogMode>Off</mfLogMode>
          <mfError>OK</mfError>
          <mfCustomConfiguration/>
          <mfListenerUID>
            <mfUID>1.2.840.5043.02.018.1597356651.1</mfUID>
          </mfListenerUID>
        </mfService>
        <mfService>
          <objectclass>mfService</objectclass>
          <mfStructVersion>16</mfStructVersion>
          <mfUID>1.2.840.5043.03.016.1597356651.3</mfUID>
          <mfServerUID>1.2.840.5043.01.026.1597356651.1</mfServerUID>
          <cn>CICS</cn>
          <mfSearchOrder>1</mfSearchOrder>
          <mfServiceStatus>Available</mfServiceStatus>
          <mfServiceClass>MF CICS</mfServiceClass>
          <description>CICS utility service</description>
          <mfTRMode>Unknown</mfTRMode>
          <mfLogMode>Off</mfLogMode>
          <mfError>OK</mfError>
          <mfCustomConfiguration/>
          <mfListenerUID>
            <mfUID>1.2.840.5043.02.018.1597356651.1</mfUID>
          </mfListenerUID>
        </mfService>
        <mfService>
          <objectclass>mfService</objectclass>
          <mfStructVersion>16</mfStructVersion>
          <mfUID>1.2.840.5043.03.016.1597356651.4</mfUID>
          <mfServerUID>1.2.840.5043.01.026.1597356651.1</mfServerUID>
          <cn>JES</cn>
          <mfSearchOrder>1</mfSearchOrder>
          <mfServiceStatus>Available</mfServiceStatus>
          <mfServiceClass>MF JES</mfServiceClass>
          <description>Job Entry Subsystem service</description>
          <mfTRMode>Unknown</mfTRMode>
          <mfLogMode>Off</mfLogMode>
          <mfError>OK</mfError>
          <mfCustomConfiguration/>
          <mfListenerUID>
            <mfUID>1.2.840.5043.02.018.1597356651.1</mfUID>
          </mfListenerUID>
        </mfService>
      </mfServiceList>
      <mfPackageList/>
      <mfXRMList/>
      <mfJESInitiatorList>
        <mfJESInitiator>
          <objectclass>mfJESInitiator</objectclass>
          <mfStructVersion>1</mfStructVersion>
          <mfUID>1.2.840.5043.12.001.1597356829.1</mfUID>
          <mfServerUID>1.2.840.5043.01.026.1597356651.1</mfServerUID>
          <cn>ABC123</cn>
          <mfJESInitiatorClass>ABC123</mfJESInitiatorClass>
          <description/>
        </mfJESInitiator>
      </mfJESInitiatorList>
      <mfJESPrinterList/>
      <mfIMSMPRList/>
      <mfMQListenerList/>
    </mfServer>
    <mfServer>
      <objectclass>mfServer</objectclass>
      <mfStructVersion>26</mfStructVersion>
      <mfInstanceVersion>0</mfInstanceVersion>
      <mfUID>1.2.840.5043.01.026.1597398636.2</mfUID>
      <mfServerStatus>Stopped</mfServerStatus>
      <mfServerType>MFES</mfServerType>
      <cn>MFDBFH2</cn>
      <description>Micro Focus Enterprise Server</description>
      <mfESEnableStartScript>Disabled</mfESEnableStartScript>
      <mfESEnableStopScript>Disabled</mfESEnableStopScript>
      <mfESEnableNotRespondingScript>Disabled</mfESEnableNotRespondingScript>
      <mfESRetries>1</mfESRetries>
      <mfCustomConfiguration>[ES-Environment]
MFROOT=C:\MFSamples\PAC
###################################################
# MFDBFH Config
ES_DB_FH=Y
MFDBFH_CONFIG=$MFROOT\VSAMDB\MFDBFH.cfg
ES_DB_SERVER=MYSERVER
MFDBFH_SCRIPT_DIR=C:\Program Files (x86)\Micro Focus\Enterprise Developer\etc\mfdbfh\scripts
####### CTF Config
xxxMFTRACE_CONFIG=$MFROOT\ctf\ctf.cfg
####### Allocation Override
ES_ALLOC_OVERRIDE=$MFROOT\region\ALLOCOVERRIDE.CFG
ES_SSTM_CICS=$MFROOT\regions\sstmcics.jcl

</mfCustomConfiguration>
      <mfServerExtendedConfiguration>
        <mfServerCASConfiguration>
          <mfCASStructVersion>33</mfCASStructVersion>
          <mfServerCASStartupOptions>
            <mfCASPAC/>
            <mfCASSOR/>
            <mfCASShMemPages>512</mfCASShMemPages>
            <mfCASSICount>2</mfCASSICount>
            <mfCASShMemCushion>32</mfCASShMemCushion>
            <mfCASTraceTableSize>341</mfCASTraceTableSize>
            <mfCASLocalTraceSize>341</mfCASLocalTraceSize>
            <mfCASTraceMaxSize>0</mfCASTraceMaxSize>
            <mfCASRequestedLicenses>10</mfCASRequestedLicenses>
            <mfCASSysDir>$MFROOT\regions\MFDBFH2\sysdir</mfCASSysDir>
            <mfCASHSFEnabled>0</mfCASHSFEnabled>
            <mfCASHSFWriteToDisk>0</mfCASHSFWriteToDisk>
            <mfCASHSFMaxFileSize>0</mfCASHSFMaxFileSize>
            <mfCASHSFMaxDisplayRecords>256</mfCASHSFMaxDisplayRecords>
            <mfCASHSFCreateJCLFileRecords>0</mfCASHSFCreateJCLFileRecords>
            <mfCASConsoleLogSize>0</mfCASConsoleLogSize>
            <mfCASDefaultSysDir/>
            <mfLogPath/>
            <mfCASDumpOnAbend>1</mfCASDumpOnAbend>
            <mfCASColdStartTrace>1</mfCASColdStartTrace>
            <mfCASAuxiliaryTrace>1</mfCASAuxiliaryTrace>
            <mfCASShowConsole>0</mfCASShowConsole>
            <mfCASRemoteDebug>0</mfCASRemoteDebug>
            <mfCASIRDSWarmStart>0</mfCASIRDSWarmStart>
            <mfCASIRDSFileName/>
            <mfCASIRDSMaxSize>32</mfCASIRDSMaxSize>
            <mfCASIRDSBufferQueueCount>1</mfCASIRDSBufferQueueCount>
            <mfCASStartOnSystemStart>0</mfCASStartOnSystemStart>
            <mfCASCICSEZASOKET>0</mfCASCICSEZASOKET>
            <mfCAS64Bit>0</mfCAS64Bit>
            <mfCASPurgeLogs>0</mfCASPurgeLogs>
            <mfCASPerformanceMonitor>0</mfCASPerformanceMonitor>
            <mfCASEventLogInformational>0</mfCASEventLogInformational>
            <mfCASEventLogWarning>0</mfCASEventLogWarning>
            <mfCASEventLogError>0</mfCASEventLogError>
            <mfCASEventLogSevere>0</mfCASEventLogSevere>
            <mfCASMTOEnabled>1</mfCASMTOEnabled>
            <mfCASCICSPersonality>1</mfCASCICSPersonality>
            <mfCASBatchEnabled>1</mfCASBatchEnabled>
            <mfCASIMSEnabled>0</mfCASIMSEnabled>
            <mfCASPLIEnabled>0</mfCASPLIEnabled>
            <mfMQLEnabled>0</mfMQLEnabled>
          </mfServerCASStartupOptions>
          <mfServerCASTraceOptions>
            <mfCASTraceFlagsTaskControl>1</mfCASTraceFlagsTaskControl>
            <mfCASTraceFlagsStorageControl>0</mfCASTraceFlagsStorageControl>
            <mfCASTraceFlagsTableManagement>0</mfCASTraceFlagsTableManagement>
            <mfCASTraceFlagsApplicationContainer>0</mfCASTraceFlagsApplicationContainer>
            <mfCASTraceFlagsRequestHandler>0</mfCASTraceFlagsRequestHandler>
            <mfCASTraceFlagsRMInterface>0</mfCASTraceFlagsRMInterface>
            <mfCASTraceFlagsCommunications>0</mfCASTraceFlagsCommunications>
            <mfCASTraceFlagsApplication>1</mfCASTraceFlagsApplication>
            <mfCASTraceFlagsExit>0</mfCASTraceFlagsExit>
          </mfServerCASTraceOptions>
          <mfServerMTOConfiguration>
            <mfCASCICSSIT>MYPAC</mfCASCICSSIT>
            <mfCASTXTRANP>$MFROOT\regions\loadlib</mfCASTXTRANP>
            <mfCASTXRDTP>$MFROOT\regions\rdofile</mfCASTXRDTP>
          </mfServerMTOConfiguration>
          <mfServerBatchConfiguration>
            <mfCASJCLMainframePollInterval>0</mfCASJCLMainframePollInterval>
            <mfCASJCLPATH>$MFROOT\regions\loadlib</mfCASJCLPATH>
            <mfCASMFSYSCAT>sql://MYSERVER/VSAMDATA/catalog.dat?folder=/CATALOG</mfCASMFSYSCAT>
            <mfCASJCLALLOCLOC>sql://MYSERVER/VSAMDATA?type=folder;folder=/CATALOG/FILES</mfCASJCLALLOCLOC>
            <mfCASJCLSYSPROCLIB>SYS1.PROCLIB</mfCASJCLSYSPROCLIB>
          </mfServerBatchConfiguration>
          <mfServerIMSConfiguration>
            <mfCASIMSCodesetBias>A</mfCASIMSCodesetBias>
            <mfCASIMSMFSAttributeBias>B</mfCASIMSMFSAttributeBias>
            <mfCASIMSMFSNullChar>x'1A'</mfCASIMSMFSNullChar>
            <mfCASIMSKeypointFrequency>64</mfCASIMSKeypointFrequency>
            <mfCASIMSDefaultMQName>1</mfCASIMSDefaultMQName>
            <mfCASIMSTrailingSpace>1</mfCASIMSTrailingSpace>
            <mfCASIMSDBLockedResourceTimeout>30</mfCASIMSDBLockedResourceTimeout>
            <mfCASIMSDBKeyCompression>1</mfCASIMSDBKeyCompression>
            <mfCASIMSDBIRLMLocking>0</mfCASIMSDBIRLMLocking>
            <mfCASIMSDBDumpOnLockTimeout>0</mfCASIMSDBDumpOnLockTimeout>
            <mfCASIMSDBDumpOnDeadlock>0</mfCASIMSDBDumpOnDeadlock>
            <mfCASIMSDBRollforwardRecovery>0</mfCASIMSDBRollforwardRecovery>
            <mfCASIMSDBDataCompression>1</mfCASIMSDBDataCompression>
            <mfCASIMSTMTransThreshold>0</mfCASIMSTMTransThreshold>
            <mfCASIMSTMMQMaxBlocks>32</mfCASIMSTMMQMaxBlocks>
            <mfCASIMSTMMQBufferCount>2</mfCASIMSTMMQBufferCount>
            <mfCASIMSTMMQColdStart>N</mfCASIMSTMMQColdStart>
            <mfCASIMSTMMQPersistColdStart>0</mfCASIMSTMMQPersistColdStart>
          </mfServerIMSConfiguration>
          <mfServerPLIConfiguration>
            <mfCASPLIUseJavaDebug>0</mfCASPLIUseJavaDebug>
            <mfCASPLIPromptPLITEST>0</mfCASPLIPromptPLITEST>
          </mfServerPLIConfiguration>
        </mfServerCASConfiguration>
      </mfServerExtendedConfiguration>
      <mfCommsProcessList>
        <mfCommsProcess>
          <objectclass>mfCommsServer</objectclass>
          <mfStructVersion>5</mfStructVersion>
          <mfUID>1.2.840.5043.06.005.1597398636.2</mfUID>
          <mfServerUID>1.2.840.5043.01.026.1597398636.2</mfServerUID>
          <mfInstance>1</mfInstance>
          <mfServerStatus>Stopped</mfServerStatus>
          <mfRequestedEndpoint>tcp:0.0.0.0:5060</mfRequestedEndpoint>
          <mfActualEndpoint>tcp:0.0.0.0:0</mfActualEndpoint>
          <mfSSLCertificate/>
          <mfSSLKeyfile/>
          <mfSSLClientOption>1</mfSSLClientOption>
          <mfSSLMaxKeyLength>0</mfSSLMaxKeyLength>
          <mfSSLAllowNULLCipher>No</mfSSLAllowNULLCipher>
          <mfSSLCARootfile/>
          <mfSSLAllowCertCNIPMismatch>No</mfSSLAllowCertCNIPMismatch>
          <mfSSLCheckCertRevocation>No</mfSSLCheckCertRevocation>
          <mfSSLCheckCertPublishersRevocation>No</mfSSLCheckCertPublishersRevocation>
          <mfSSLHonorServerCipherList>No</mfSSLHonorServerCipherList>
          <mfTLSProtocols/>
          <mfTLSCipherSuites/>
          <mfTLSDHMinimumGroupSize>0</mfTLSDHMinimumGroupSize>
          <mfTLSCipherGroups/>
          <mfSSLServerCARootfile/>
          <mfTLS13CipherSuites/>
          <mfTLSMiddleBoxCompatibilityMode>Yes</mfTLSMiddleBoxCompatibilityMode>
          <mfLogPath/>
          <mfAutoStart>1</mfAutoStart>
          <mfCustomConfiguration>[soap]
region=MFDBFH2
</mfCustomConfiguration>
          <mfListenerList>
            <mfListener>
              <objectclass>mflistener</objectclass>
              <mfStructVersion>18</mfStructVersion>
              <mfUID>1.2.840.5043.02.018.1597398636.4</mfUID>
              <mfServerUID>1.2.840.5043.06.005.1597398636.2</mfServerUID>
              <cn>Web Services and J2EE</cn>
              <mfListenerStatus>Stopped</mfListenerStatus>
              <mfRequestedEndpoint>tcp:*:5062</mfRequestedEndpoint>
              <mfActualEndpoint>tcp:0.0.0.0:0</mfActualEndpoint>
              <mfConnector>mfcs-mp::mfcs-mp</mfConnector>
              <mfError>OK</mfError>
              <description>SOAP/REST Web Services and J2EE</description>
              <mfSSLCertificate/>
              <mfSSLKeyfile/>
              <mfSSLClientOption>1</mfSSLClientOption>
              <mfSSLMaxKeyLength>0</mfSSLMaxKeyLength>
              <mfSSLAllowNULLCipher>No</mfSSLAllowNULLCipher>
              <mfSSLCARootfile/>
              <mfSSLAllowCertCNIPMismatch>No</mfSSLAllowCertCNIPMismatch>
              <mfSSLCheckCertRevocation>No</mfSSLCheckCertRevocation>
              <mfSSLCheckCertPublishersRevocation>No</mfSSLCheckCertPublishersRevocation>
              <mfSSLHonorServerCipherList>Yes</mfSSLHonorServerCipherList>
              <mfTLSProtocols/>
              <mfTLSCipherSuites/>
              <mfTLSDHMinimumGroupSize>0</mfTLSDHMinimumGroupSize>
              <mfTLSCipherGroups/>
              <mfSSLServerCARootfile/>
              <mfTLS13CipherSuites/>
              <mfTLSMiddleBoxCompatibilityMode>Yes</mfTLSMiddleBoxCompatibilityMode>
              <mfCustomConfiguration/>
            </mfListener>
            <mfListener>
              <objectclass>mflistener</objectclass>
              <mfStructVersion>18</mfStructVersion>
              <mfUID>1.2.840.5043.02.018.1597398636.5</mfUID>
              <mfServerUID>1.2.840.5043.06.005.1597398636.2</mfServerUID>
              <cn>Web</cn>
              <mfListenerStatus>Disabled</mfListenerStatus>
              <mfRequestedEndpoint>tcp:*:*</mfRequestedEndpoint>
              <mfActualEndpoint>tcp:0.0.0.0:0</mfActualEndpoint>
              <mfConnector>http-switch::http-switch</mfConnector>
              <mfError>DF0416W Warning: Insecure deployment listener. Consider disabling listener or setting the endpoint to "127.0.0.1:*"</mfError>
              <description>Basic HTTP web server</description>
              <mfSSLCertificate/>
              <mfSSLKeyfile/>
              <mfSSLClientOption>1</mfSSLClientOption>
              <mfSSLMaxKeyLength>0</mfSSLMaxKeyLength>
              <mfSSLAllowNULLCipher>No</mfSSLAllowNULLCipher>
              <mfSSLCARootfile/>
              <mfSSLAllowCertCNIPMismatch>No</mfSSLAllowCertCNIPMismatch>
              <mfSSLCheckCertRevocation>No</mfSSLCheckCertRevocation>
              <mfSSLCheckCertPublishersRevocation>No</mfSSLCheckCertPublishersRevocation>
              <mfSSLHonorServerCipherList>Yes</mfSSLHonorServerCipherList>
              <mfTLSProtocols/>
              <mfTLSCipherSuites/>
              <mfTLSDHMinimumGroupSize>0</mfTLSDHMinimumGroupSize>
              <mfTLSCipherGroups/>
              <mfSSLServerCARootfile/>
              <mfTLS13CipherSuites/>
              <mfTLSMiddleBoxCompatibilityMode>Yes</mfTLSMiddleBoxCompatibilityMode>
              <mfCustomConfiguration>[virtual paths]
cgi=&lt;ES&gt;/bin
uploads=&lt;ES&gt;/deploy
docs=&lt;ES&gt;/help

[allow]
cgi=mfdeploy.exe
uploads=*.txt *.car *.wsdl
</mfCustomConfiguration>
            </mfListener>
            <mfListener>
              <objectclass>mflistener</objectclass>
              <mfStructVersion>18</mfStructVersion>
              <mfUID>1.2.840.5043.02.018.1597398636.6</mfUID>
              <mfServerUID>1.2.840.5043.06.005.1597398636.2</mfServerUID>
              <cn>TN3270</cn>
              <mfListenerStatus>Stopped</mfListenerStatus>
              <mfRequestedEndpoint>tcp:*:5061</mfRequestedEndpoint>
              <mfActualEndpoint>tcp:0.0.0.0:0</mfActualEndpoint>
              <mfConnector>tn3270::tn3270</mfConnector>
              <mfError>OK</mfError>
              <description>Default TN3270 listener</description>
              <mfSSLCertificate/>
              <mfSSLKeyfile/>
              <mfSSLClientOption>1</mfSSLClientOption>
              <mfSSLMaxKeyLength>0</mfSSLMaxKeyLength>
              <mfSSLAllowNULLCipher>No</mfSSLAllowNULLCipher>
              <mfSSLCARootfile/>
              <mfSSLAllowCertCNIPMismatch>No</mfSSLAllowCertCNIPMismatch>
              <mfSSLCheckCertRevocation>No</mfSSLCheckCertRevocation>
              <mfSSLCheckCertPublishersRevocation>No</mfSSLCheckCertPublishersRevocation>
              <mfSSLHonorServerCipherList>Yes</mfSSLHonorServerCipherList>
              <mfTLSProtocols/>
              <mfTLSCipherSuites/>
              <mfTLSDHMinimumGroupSize>0</mfTLSDHMinimumGroupSize>
              <mfTLSCipherGroups/>
              <mfSSLServerCARootfile/>
              <mfTLS13CipherSuites/>
              <mfTLSMiddleBoxCompatibilityMode>Yes</mfTLSMiddleBoxCompatibilityMode>
              <mfCustomConfiguration/>
            </mfListener>
          </mfListenerList>
        </mfCommsProcess>
      </mfCommsProcessList>
      <mfHandlerList>
        <mfHandler>
          <objectclass>mfHandler</objectclass>
          <mfStructVersion>2</mfStructVersion>
          <mfUID>1.2.840.5043.05.002.1597398636.5</mfUID>
          <mfServerUID>1.2.840.5043.01.026.1597398636.2</mfServerUID>
          <cn>MFRHBINP</cn>
          <mfHandlerStatus>Enabled</mfHandlerStatus>
          <description>Handles J2EE requests</description>
          <mfCustomConfiguration/>
          <mfHandlerPath/>
        </mfHandler>
        <mfHandler>
          <objectclass>mfHandler</objectclass>
          <mfStructVersion>2</mfStructVersion>
          <mfUID>1.2.840.5043.05.002.1597398636.6</mfUID>
          <mfServerUID>1.2.840.5043.01.026.1597398636.2</mfServerUID>
          <cn>MFRHSOAP</cn>
          <mfHandlerStatus>Enabled</mfHandlerStatus>
          <description>Handles SOAP requests</description>
          <mfCustomConfiguration/>
          <mfHandlerPath/>
        </mfHandler>
        <mfHandler>
          <objectclass>mfHandler</objectclass>
          <mfStructVersion>2</mfStructVersion>
          <mfUID>1.2.840.5043.05.002.1597398636.7</mfUID>
          <mfServerUID>1.2.840.5043.01.026.1597398636.2</mfServerUID>
          <cn>MFRHJCL</cn>
          <mfHandlerStatus>Enabled</mfHandlerStatus>
          <description>Handles batch requests</description>
          <mfCustomConfiguration/>
          <mfHandlerPath/>
        </mfHandler>
        <mfHandler>
          <objectclass>mfHandler</objectclass>
          <mfStructVersion>2</mfStructVersion>
          <mfUID>1.2.840.5043.05.002.1597398636.8</mfUID>
          <mfServerUID>1.2.840.5043.01.026.1597398636.2</mfServerUID>
          <cn>MFRHJSON</cn>
          <mfHandlerStatus>Enabled</mfHandlerStatus>
          <description>Handles REST requests</description>
          <mfCustomConfiguration/>
          <mfHandlerPath/>
        </mfHandler>
      </mfHandlerList>
      <mfServiceList>
        <mfService>
          <objectclass>mfService</objectclass>
          <mfStructVersion>16</mfStructVersion>
          <mfUID>1.2.840.5043.03.016.1597398636.5</mfUID>
          <mfServerUID>1.2.840.5043.01.026.1597398636.2</mfServerUID>
          <cn>Deployer</cn>
          <mfSearchOrder>1</mfSearchOrder>
          <mfServiceStatus>Available</mfServiceStatus>
          <mfServiceClass>MF deployment</mfServiceClass>
          <description>Deployment file-upload service</description>
          <mfTRMode>Unknown</mfTRMode>
          <mfLogMode>Off</mfLogMode>
          <mfError/>
          <mfCustomConfiguration>[MF client]
scheme=http
URL=/cgi/mfdeploy.exe/uploads
accept=application/x-zip-compressed

[destination]
listener=Web Services and J2EE
</mfCustomConfiguration>
          <mfListenerUID>
            <mfUID>1.2.840.5043.02.018.1597398636.5</mfUID>
          </mfListenerUID>
        </mfService>
        <mfService>
          <objectclass>mfService</objectclass>
          <mfStructVersion>16</mfStructVersion>
          <mfUID>1.2.840.5043.03.016.1597398636.6</mfUID>
          <mfServerUID>1.2.840.5043.01.026.1597398636.2</mfServerUID>
          <cn>ES</cn>
          <mfSearchOrder>1</mfSearchOrder>
          <mfServiceStatus>Available</mfServiceStatus>
          <mfServiceClass>MF ES</mfServiceClass>
          <description>ES utility service</description>
          <mfTRMode>Unknown</mfTRMode>
          <mfLogMode>Off</mfLogMode>
          <mfError/>
          <mfCustomConfiguration/>
          <mfListenerUID>
            <mfUID>1.2.840.5043.02.018.1597398636.4</mfUID>
          </mfListenerUID>
        </mfService>
        <mfService>
          <objectclass>mfService</objectclass>
          <mfStructVersion>16</mfStructVersion>
          <mfUID>1.2.840.5043.03.016.1597398636.7</mfUID>
          <mfServerUID>1.2.840.5043.01.026.1597398636.2</mfServerUID>
          <cn>CICS</cn>
          <mfSearchOrder>1</mfSearchOrder>
          <mfServiceStatus>Available</mfServiceStatus>
          <mfServiceClass>MF CICS</mfServiceClass>
          <description>CICS utility service</description>
          <mfTRMode>Unknown</mfTRMode>
          <mfLogMode>Off</mfLogMode>
          <mfError/>
          <mfCustomConfiguration/>
          <mfListenerUID>
            <mfUID>1.2.840.5043.02.018.1597398636.4</mfUID>
          </mfListenerUID>
        </mfService>
        <mfService>
          <objectclass>mfService</objectclass>
          <mfStructVersion>16</mfStructVersion>
          <mfUID>1.2.840.5043.03.016.1597398636.8</mfUID>
          <mfServerUID>1.2.840.5043.01.026.1597398636.2</mfServerUID>
          <cn>JES</cn>
          <mfSearchOrder>1</mfSearchOrder>
          <mfServiceStatus>Available</mfServiceStatus>
          <mfServiceClass>MF JES</mfServiceClass>
          <description>Job Entry Subsystem service</description>
          <mfTRMode>Unknown</mfTRMode>
          <mfLogMode>Off</mfLogMode>
          <mfError/>
          <mfCustomConfiguration/>
          <mfListenerUID>
            <mfUID>1.2.840.5043.02.018.1597398636.4</mfUID>
          </mfListenerUID>
        </mfService>
      </mfServiceList>
      <mfPackageList/>
      <mfXRMList/>
      <mfJESInitiatorList>
        <mfJESInitiator>
          <objectclass>mfJESInitiator</objectclass>
          <mfStructVersion>1</mfStructVersion>
          <mfUID>1.3.6.1.4.1.5043.1.21.12.5f365f37.3196.2</mfUID>
          <mfServerUID>1.2.840.5043.01.026.1597398636.2</mfServerUID>
          <cn>CLASSZ</cn>
          <mfJESInitiatorClass>Z</mfJESInitiatorClass>
          <description/>
        </mfJESInitiator>
      </mfJESInitiatorList>
      <mfJESPrinterList/>
      <mfIMSMPRList/>
      <mfMQListenerList/>
    </mfServer>
  </mfServerList>

</mfDirectoryServerRepository>
