
<mfDirectoryServerRepository mfDirectoryServerVersion="1.29.13" mfRepositoryLocation="C:\ProgramData\Micro Focus\Enterprise Developer\" mfXMLReposVersion="2.0" xmlns:xsi="http://www.w3.org/2001/XMLSchema-instance" xsi:noNamespaceSchemaLocation="mfds1.29.13.xsd">

  <mfServerList>
    <mfServer>
      <objectclass>mfServer</objectclass>
      <mfStructVersion>26</mfStructVersion>
      <mfInstanceVersion>0</mfInstanceVersion>
      <mfUID>1.3.6.1.4.1.5043.1.21.1.654220ed.2660.28</mfUID>
      <mfServerStatus>Stopped</mfServerStatus>
      <mfServerType>MFES</mfServerType>
      <cn>REGION1</cn>
      <description>PAC Region 1</description>
      <mfESEnableStartScript>Disabled</mfESEnableStartScript>
      <mfESEnableStopScript>Disabled</mfESEnableStopScript>
      <mfESEnableNotRespondingScript>Disabled</mfESEnableNotRespondingScript>
      <mfESRetries>1</mfESRetries>
      <mfCustomConfiguration>[ES-Environment]
MFROOT=C:\MFSamples\PAC
ES_DB_FH=Y
MFDBFH_CONFIG=$MFROOT\MFDBFH.cfg
ES_DB_SERVER=MYSERVER
MFDBFH_SCRIPT_DIR=C:\Program Files (x86)\Micro Focus\Enterprise Developer\etc\mfdbfh\scripts</mfCustomConfiguration>
      <mfServerExtendedConfiguration>
        <mfServerCASConfiguration>
          <mfCASStructVersion>33</mfCASStructVersion>
          <mfServerCASStartupOptions>
            <mfCASPAC/>
            <mfCASSOR/>
            <mfConfigManagerData/>
            <mfCASShMemPages>512</mfCASShMemPages>
            <mfCASSICount>2</mfCASSICount>
            <mfCASShMemCushion>32</mfCASShMemCushion>
            <mfCASTraceTableSize>341</mfCASTraceTableSize>
            <mfCASLocalTraceSize>341</mfCASLocalTraceSize>
            <mfCASTraceMaxSize>0</mfCASTraceMaxSize>
            <mfCASRequestedLicenses>10</mfCASRequestedLicenses>
            <mfCASSysDir>$MFROOT\regions\REGION1\sysdir</mfCASSysDir>
            <mfCASHSFEnabled>0</mfCASHSFEnabled>
            <mfCASHSFWriteToDisk>0</mfCASHSFWriteToDisk>
            <mfCASHSFMaxFileSize>0</mfCASHSFMaxFileSize>
            <mfCASHSFMaxDisplayRecords>256</mfCASHSFMaxDisplayRecords>
            <mfCASHSFCreateJCLFileRecords>0</mfCASHSFCreateJCLFileRecords>
            <mfCASConsoleLogSize>0</mfCASConsoleLogSize>
            <mfCASDefaultSysDir/>
            <mfLogPath/>
            <mfCASDumpOnAbend>1</mfCASDumpOnAbend>
            <mfCASColdStartTrace>1</mfCASColdStartTrace>
            <mfCASAuxiliaryTrace>0</mfCASAuxiliaryTrace>
            <mfCASShowConsole>0</mfCASShowConsole>
            <mfCASRemoteDebug>0</mfCASRemoteDebug>
            <mfCASIRDSWarmStart>1</mfCASIRDSWarmStart>
            <mfCASIRDSFileName/>
            <mfCASIRDSMaxSize>0</mfCASIRDSMaxSize>
            <mfCASIRDSBufferQueueCount>0</mfCASIRDSBufferQueueCount>
            <mfCASStartOnSystemStart>0</mfCASStartOnSystemStart>
            <mfCASCICSEZASOKET>0</mfCASCICSEZASOKET>
            <mfCAS64Bit>0</mfCAS64Bit>
            <mfCASPurgeLogs>0</mfCASPurgeLogs>
            <mfCASPerformanceMonitor>0</mfCASPerformanceMonitor>
            <mfCASEventLogInformational>0</mfCASEventLogInformational>
            <mfCASEventLogWarning>0</mfCASEventLogWarning>
            <mfCASEventLogError>0</mfCASEventLogError>
            <mfCASEventLogSevere>0</mfCASEventLogSevere>
            <mfCASMTOEnabled>1</mfCASMTOEnabled>
            <mfCASCICSPersonality>1</mfCASCICSPersonality>
            <mfCASBatchEnabled>1</mfCASBatchEnabled>
            <mfCASIMSEnabled>0</mfCASIMSEnabled>
            <mfCASPLIEnabled>0</mfCASPLIEnabled>
            <mfMQLEnabled>0</mfMQLEnabled>
          </mfServerCASStartupOptions>
          <mfServerCASTraceOptions>
            <mfCASTraceFlagsTaskControl>1</mfCASTraceFlagsTaskControl>
            <mfCASTraceFlagsStorageControl>0</mfCASTraceFlagsStorageControl>
            <mfCASTraceFlagsTableManagement>0</mfCASTraceFlagsTableManagement>
            <mfCASTraceFlagsApplicationContainer>0</mfCASTraceFlagsApplicationContainer>
            <mfCASTraceFlagsRequestHandler>0</mfCASTraceFlagsRequestHandler>
            <mfCASTraceFlagsRMInterface>0</mfCASTraceFlagsRMInterface>
            <mfCASTraceFlagsCommunications>0</mfCASTraceFlagsCommunications>
            <mfCASTraceFlagsApplication>1</mfCASTraceFlagsApplication>
            <mfCASTraceFlagsExit>0</mfCASTraceFlagsExit>
          </mfServerCASTraceOptions>
          <mfServerMTOConfiguration/>
          <mfServerBatchConfiguration>
            <mfCASJCLMainframePollInterval>0</mfCASJCLMainframePollInterval>
            <mfCASJCLPATH>$MFROOT\regions\REGION1\loadlib</mfCASJCLPATH>
            <mfCASMFSYSCAT>sql://MYSERVER/VSAMDATA/catalog.dat?folder=/CAT</mfCASMFSYSCAT>
            <mfCASJCLALLOCLOC>sql://MYSERVER/VSAMDATA/?type=folder;folder=/CAT/data</mfCASJCLALLOCLOC>
            <mfCASJCLSYSPROCLIB>SYS1.PROCLIB</mfCASJCLSYSPROCLIB>
          </mfServerBatchConfiguration>
          <mfServerIMSConfiguration>
            <mfCASIMSCodesetBias>A</mfCASIMSCodesetBias>
            <mfCASIMSMFSAttributeBias>B</mfCASIMSMFSAttributeBias>
            <mfCASIMSMFSNullChar>x'1A'</mfCASIMSMFSNullChar>
            <mfCASIMSKeypointFrequency>64</mfCASIMSKeypointFrequency>
            <mfCASIMSDefaultMQName>1</mfCASIMSDefaultMQName>
            <mfCASIMSTrailingSpace>1</mfCASIMSTrailingSpace>
            <mfCASIMSDBLockedResourceTimeout>30</mfCASIMSDBLockedResourceTimeout>
            <mfCASIMSDBKeyCompression>1</mfCASIMSDBKeyCompression>
            <mfCASIMSDBIRLMLocking>0</mfCASIMSDBIRLMLocking>
            <mfCASIMSDBDumpOnLockTimeout>0</mfCASIMSDBDumpOnLockTimeout>
            <mfCASIMSDBDumpOnDeadlock>0</mfCASIMSDBDumpOnDeadlock>
            <mfCASIMSDBRollforwardRecovery>0</mfCASIMSDBRollforwardRecovery>
            <mfCASIMSDBDataCompression>1</mfCASIMSDBDataCompression>
            <mfCASIMSTMTransThreshold>0</mfCASIMSTMTransThreshold>
            <mfCASIMSTMMQMaxBlocks>32</mfCASIMSTMMQMaxBlocks>
            <mfCASIMSTMMQBufferCount>2</mfCASIMSTMMQBufferCount>
            <mfCASIMSTMMQColdStart>N</mfCASIMSTMMQColdStart>
            <mfCASIMSTMMQPersistColdStart>0</mfCASIMSTMMQPersistColdStart>
          </mfServerIMSConfiguration>
          <mfServerPLIConfiguration>
            <mfCASPLIUseJavaDebug>0</mfCASPLIUseJavaDebug>
            <mfCASPLIPromptPLITEST>0</mfCASPLIPromptPLITEST>
          </mfServerPLIConfiguration>
        </mfServerCASConfiguration>
      </mfServerExtendedConfiguration>
      <mfCommsProcessList>
        <mfCommsProcess>
          <objectclass>mfCommsServer</objectclass>
          <mfStructVersion>5</mfStructVersion>
          <mfUID>1.3.6.1.4.1.5043.1.21.6.654220ed.2660.29</mfUID>
          <mfServerUID>1.3.6.1.4.1.5043.1.21.1.654220ed.2660.28</mfServerUID>
          <mfInstance>1</mfInstance>
          <mfServerStatus>Stopped</mfServerStatus>
          <mfRequestedEndpoint>tcp:*:*</mfRequestedEndpoint>
          <mfActualEndpoint>tcp:0.0.0.0:0</mfActualEndpoint>
          <mfSSLCertificate/>
          <mfSSLKeyfile/>
          <mfSSLClientOption>1</mfSSLClientOption>
          <mfSSLMaxKeyLength>1024</mfSSLMaxKeyLength>
          <mfSSLAllowNULLCipher>No</mfSSLAllowNULLCipher>
          <mfSSLCARootfile/>
          <mfSSLAllowCertCNIPMismatch>No</mfSSLAllowCertCNIPMismatch>
          <mfSSLCheckCertRevocation>Yes</mfSSLCheckCertRevocation>
          <mfSSLCheckCertPublishersRevocation>No</mfSSLCheckCertPublishersRevocation>
          <mfSSLHonorServerCipherList>Yes</mfSSLHonorServerCipherList>
          <mfTLSProtocols/>
          <mfTLSCipherSuites/>
          <mfTLSDHMinimumGroupSize>0</mfTLSDHMinimumGroupSize>
          <mfTLSCipherGroups/>
          <mfSSLServerCARootfile/>
          <mfTLS13CipherSuites/>
          <mfTLSMiddleBoxCompatibilityMode>No</mfTLSMiddleBoxCompatibilityMode>
          <mfLogPath/>
          <mfAutoStart>1</mfAutoStart>
          <mfCustomConfiguration>[soap]
region=REGION1
</mfCustomConfiguration>
          <mfListenerList>
            <mfListener>
              <objectclass>mflistener</objectclass>
              <mfStructVersion>18</mfStructVersion>
              <mfUID>1.3.6.1.4.1.5043.1.21.2.654220ed.2660.30</mfUID>
              <mfServerUID>1.3.6.1.4.1.5043.1.21.6.654220ed.2660.29</mfServerUID>
              <cn>Web Services and J2EE</cn>
              <mfListenerStatus>Stopped</mfListenerStatus>
              <mfRequestedEndpoint>tcp:*:*</mfRequestedEndpoint>
              <mfActualEndpoint>tcp:0.0.0.0:0</mfActualEndpoint>
              <mfConnector>mfcs-mp::mfcs-mp</mfConnector>
              <mfError/>
              <description>SOAP/REST Web Services and J2EE</description>
              <mfSSLCertificate/>
              <mfSSLKeyfile/>
              <mfSSLClientOption>1</mfSSLClientOption>
              <mfSSLMaxKeyLength>0</mfSSLMaxKeyLength>
              <mfSSLAllowNULLCipher>No</mfSSLAllowNULLCipher>
              <mfSSLCARootfile/>
              <mfSSLAllowCertCNIPMismatch>No</mfSSLAllowCertCNIPMismatch>
              <mfSSLCheckCertRevocation>No</mfSSLCheckCertRevocation>
              <mfSSLCheckCertPublishersRevocation>No</mfSSLCheckCertPublishersRevocation>
              <mfSSLHonorServerCipherList>Yes</mfSSLHonorServerCipherList>
              <mfTLSProtocols/>
              <mfTLSCipherSuites/>
              <mfTLSDHMinimumGroupSize>0</mfTLSDHMinimumGroupSize>
              <mfTLSCipherGroups/>
              <mfSSLServerCARootfile/>
              <mfTLS13CipherSuites/>
              <mfTLSMiddleBoxCompatibilityMode>No</mfTLSMiddleBoxCompatibilityMode>
              <mfCustomConfiguration/>
            </mfListener>
            <mfListener>
              <objectclass>mflistener</objectclass>
              <mfStructVersion>18</mfStructVersion>
              <mfUID>1.3.6.1.4.1.5043.1.21.2.654220ed.2660.31</mfUID>
              <mfServerUID>1.3.6.1.4.1.5043.1.21.6.654220ed.2660.29</mfServerUID>
              <cn>Web</cn>
              <mfListenerStatus>Disabled</mfListenerStatus>
              <mfRequestedEndpoint>tcp:*:*</mfRequestedEndpoint>
              <mfActualEndpoint>tcp:0.0.0.0:0</mfActualEndpoint>
              <mfConnector>http-switch::http-switch</mfConnector>
              <mfError/>
              <description>Basic HTTP web server</description>
              <mfSSLCertificate/>
              <mfSSLKeyfile/>
              <mfSSLClientOption>1</mfSSLClientOption>
              <mfSSLMaxKeyLength>0</mfSSLMaxKeyLength>
              <mfSSLAllowNULLCipher>No</mfSSLAllowNULLCipher>
              <mfSSLCARootfile/>
              <mfSSLAllowCertCNIPMismatch>No</mfSSLAllowCertCNIPMismatch>
              <mfSSLCheckCertRevocation>No</mfSSLCheckCertRevocation>
              <mfSSLCheckCertPublishersRevocation>No</mfSSLCheckCertPublishersRevocation>
              <mfSSLHonorServerCipherList>Yes</mfSSLHonorServerCipherList>
              <mfTLSProtocols/>
              <mfTLSCipherSuites/>
              <mfTLSDHMinimumGroupSize>0</mfTLSDHMinimumGroupSize>
              <mfTLSCipherGroups/>
              <mfSSLServerCARootfile/>
              <mfTLS13CipherSuites/>
              <mfTLSMiddleBoxCompatibilityMode>No</mfTLSMiddleBoxCompatibilityMode>
              <mfCustomConfiguration>[virtual paths]
cgi=&lt;ES&gt;/bin
uploads=&lt;ES&gt;/deploy
docs=&lt;ES&gt;/help

[allow]
cgi=mfdeploy.exe
uploads=*.txt *.car *.wsdl
</mfCustomConfiguration>
            </mfListener>
            <mfListener>
              <objectclass>mflistener</objectclass>
              <mfStructVersion>18</mfStructVersion>
              <mfUID>1.3.6.1.4.1.5043.1.21.2.654220ed.2660.32</mfUID>
              <mfServerUID>1.3.6.1.4.1.5043.1.21.6.654220ed.2660.29</mfServerUID>
              <cn>TN3270</cn>
              <mfListenerStatus>Stopped</mfListenerStatus>
              <mfRequestedEndpoint>tcp:*:*</mfRequestedEndpoint>
              <mfActualEndpoint>tcp:0.0.0.0:0</mfActualEndpoint>
              <mfConnector>tn3270::tn3270</mfConnector>
              <mfError/>
              <description>Default TN3270 listener</description>
              <mfSSLCertificate/>
              <mfSSLKeyfile/>
              <mfSSLClientOption>1</mfSSLClientOption>
              <mfSSLMaxKeyLength>0</mfSSLMaxKeyLength>
              <mfSSLAllowNULLCipher>No</mfSSLAllowNULLCipher>
              <mfSSLCARootfile/>
              <mfSSLAllowCertCNIPMismatch>No</mfSSLAllowCertCNIPMismatch>
              <mfSSLCheckCertRevocation>No</mfSSLCheckCertRevocation>
              <mfSSLCheckCertPublishersRevocation>No</mfSSLCheckCertPublishersRevocation>
              <mfSSLHonorServerCipherList>Yes</mfSSLHonorServerCipherList>
              <mfTLSProtocols/>
              <mfTLSCipherSuites/>
              <mfTLSDHMinimumGroupSize>0</mfTLSDHMinimumGroupSize>
              <mfTLSCipherGroups/>
              <mfSSLServerCARootfile/>
              <mfTLS13CipherSuites/>
              <mfTLSMiddleBoxCompatibilityMode>No</mfTLSMiddleBoxCompatibilityMode>
              <mfCustomConfiguration/>
            </mfListener>
          </mfListenerList>
        </mfCommsProcess>
      </mfCommsProcessList>
      <mfHandlerList>
        <mfHandler>
          <objectclass>mfHandler</objectclass>
          <mfStructVersion>2</mfStructVersion>
          <mfUID>1.3.6.1.4.1.5043.1.21.5.654220ed.2660.33</mfUID>
          <mfServerUID>1.3.6.1.4.1.5043.1.21.1.654220ed.2660.28</mfServerUID>
          <cn>MFRHBINP</cn>
          <mfHandlerStatus>Enabled</mfHandlerStatus>
          <description>Handles J2EE requests</description>
          <mfCustomConfiguration/>
          <mfHandlerPath/>
        </mfHandler>
        <mfHandler>
          <objectclass>mfHandler</objectclass>
          <mfStructVersion>2</mfStructVersion>
          <mfUID>1.3.6.1.4.1.5043.1.21.5.654220ed.2660.34</mfUID>
          <mfServerUID>1.3.6.1.4.1.5043.1.21.1.654220ed.2660.28</mfServerUID>
          <cn>MFRHSOAP</cn>
          <mfHandlerStatus>Enabled</mfHandlerStatus>
          <description>Handles SOAP requests</description>
          <mfCustomConfiguration/>
          <mfHandlerPath/>
        </mfHandler>
        <mfHandler>
          <objectclass>mfHandler</objectclass>
          <mfStructVersion>2</mfStructVersion>
          <mfUID>1.3.6.1.4.1.5043.1.21.5.654220ed.2660.35</mfUID>
          <mfServerUID>1.3.6.1.4.1.5043.1.21.1.654220ed.2660.28</mfServerUID>
          <cn>MFRHJCL</cn>
          <mfHandlerStatus>Enabled</mfHandlerStatus>
          <description>Handles batch requests</description>
          <mfCustomConfiguration/>
          <mfHandlerPath/>
        </mfHandler>
        <mfHandler>
          <objectclass>mfHandler</objectclass>
          <mfStructVersion>2</mfStructVersion>
          <mfUID>1.3.6.1.4.1.5043.1.21.5.654220ed.2660.36</mfUID>
          <mfServerUID>1.3.6.1.4.1.5043.1.21.1.654220ed.2660.28</mfServerUID>
          <cn>MFRHJSON</cn>
          <mfHandlerStatus>Enabled</mfHandlerStatus>
          <description>Handles REST requests</description>
          <mfCustomConfiguration/>
          <mfHandlerPath/>
        </mfHandler>
      </mfHandlerList>
      <mfServiceList>
        <mfService>
          <objectclass>mfService</objectclass>
          <mfStructVersion>16</mfStructVersion>
          <mfUID>1.3.6.1.4.1.5043.1.21.3.654220ee.2660.37</mfUID>
          <mfServerUID>1.3.6.1.4.1.5043.1.21.1.654220ed.2660.28</mfServerUID>
          <cn>Deployer</cn>
          <mfSearchOrder>1</mfSearchOrder>
          <mfServiceStatus>Available</mfServiceStatus>
          <mfServiceClass>MF deployment</mfServiceClass>
          <description>Deployment file-upload service</description>
          <mfTRMode>Unknown</mfTRMode>
          <mfLogMode>Off</mfLogMode>
          <mfError/>
          <mfCustomConfiguration>[MF client]
scheme=http
URL=/cgi/mfdeploy.exe/uploads
accept=application/x-zip-compressed

[destination]
listener=Web Services and J2EE
</mfCustomConfiguration>
          <mfListenerUID>
            <mfUID>1.3.6.1.4.1.5043.1.21.2.654220ed.2660.31</mfUID>
          </mfListenerUID>
        </mfService>
        <mfService>
          <objectclass>mfService</objectclass>
          <mfStructVersion>16</mfStructVersion>
          <mfUID>1.3.6.1.4.1.5043.1.21.3.654220ee.2660.38</mfUID>
          <mfServerUID>1.3.6.1.4.1.5043.1.21.1.654220ed.2660.28</mfServerUID>
          <cn>ES</cn>
          <mfSearchOrder>1</mfSearchOrder>
          <mfServiceStatus>Available</mfServiceStatus>
          <mfServiceClass>MF ES</mfServiceClass>
          <description>ES utility service</description>
          <mfTRMode>Unknown</mfTRMode>
          <mfLogMode>Off</mfLogMode>
          <mfError/>
          <mfCustomConfiguration/>
          <mfListenerUID>
            <mfUID>1.3.6.1.4.1.5043.1.21.2.654220ed.2660.30</mfUID>
          </mfListenerUID>
        </mfService>
        <mfService>
          <objectclass>mfService</objectclass>
          <mfStructVersion>16</mfStructVersion>
          <mfUID>1.3.6.1.4.1.5043.1.21.3.654220ee.2660.39</mfUID>
          <mfServerUID>1.3.6.1.4.1.5043.1.21.1.654220ed.2660.28</mfServerUID>
          <cn>CICS</cn>
          <mfSearchOrder>1</mfSearchOrder>
          <mfServiceStatus>Available</mfServiceStatus>
          <mfServiceClass>MF CICS</mfServiceClass>
          <description>CICS utility service</description>
          <mfTRMode>Unknown</mfTRMode>
          <mfLogMode>Off</mfLogMode>
          <mfError/>
          <mfCustomConfiguration/>
          <mfListenerUID>
            <mfUID>1.3.6.1.4.1.5043.1.21.2.654220ed.2660.30</mfUID>
          </mfListenerUID>
        </mfService>
        <mfService>
          <objectclass>mfService</objectclass>
          <mfStructVersion>16</mfStructVersion>
          <mfUID>1.3.6.1.4.1.5043.1.21.3.654220ee.2660.40</mfUID>
          <mfServerUID>1.3.6.1.4.1.5043.1.21.1.654220ed.2660.28</mfServerUID>
          <cn>JES</cn>
          <mfSearchOrder>1</mfSearchOrder>
          <mfServiceStatus>Available</mfServiceStatus>
          <mfServiceClass>MF JES</mfServiceClass>
          <description>Job Entry Subsystem service</description>
          <mfTRMode>Unknown</mfTRMode>
          <mfLogMode>Off</mfLogMode>
          <mfError/>
          <mfCustomConfiguration/>
          <mfListenerUID>
            <mfUID>1.3.6.1.4.1.5043.1.21.2.654220ed.2660.30</mfUID>
          </mfListenerUID>
        </mfService>
      </mfServiceList>
      <mfPackageList/>
      <mfXRMList/>
      <mfJESInitiatorList>
        <mfJESInitiator>
          <objectclass>mfJESInitiator</objectclass>
          <mfStructVersion>1</mfStructVersion>
          <mfUID>1.3.6.1.4.1.5043.1.21.12.6542246d.2660.55</mfUID>
          <mfServerUID>1.3.6.1.4.1.5043.1.21.1.654220ed.2660.28</mfServerUID>
          <cn>INITALL</cn>
          <mfJESInitiatorClass>ABCDEFGHIJKLMNOPQRSTUVWXYZ01234567</mfJESInitiatorClass>
          <description/>
        </mfJESInitiator>
      </mfJESInitiatorList>
      <mfJESPrinterList/>
      <mfIMSMPRList/>
      <mfMQListenerList/>
    </mfServer>
    <mfServer>
      <objectclass>mfServer</objectclass>
      <mfStructVersion>26</mfStructVersion>
      <mfInstanceVersion>0</mfInstanceVersion>
      <mfUID>1.3.6.1.4.1.5043.1.21.1.654221ee.2660.41</mfUID>
      <mfServerStatus>Stopped</mfServerStatus>
      <mfServerType>MFES</mfServerType>
      <cn>REGION2</cn>
      <description>PAC Region 2</description>
      <mfESEnableStartScript>Disabled</mfESEnableStartScript>
      <mfESEnableStopScript>Disabled</mfESEnableStopScript>
      <mfESEnableNotRespondingScript>Disabled</mfESEnableNotRespondingScript>
      <mfESRetries>1</mfESRetries>
      <mfCustomConfiguration>[ES-Environment]
MFROOT=C:\MFSamples\PAC
ES_DB_FH=Y
MFDBFH_CONFIG=$MFROOT\MFDBFH.cfg
ES_DB_SERVER=MYSERVER
MFDBFH_SCRIPT_DIR=C:\Program Files (x86)\Micro Focus\Enterprise Developer\etc\mfdbfh\scripts</mfCustomConfiguration>
      <mfServerExtendedConfiguration>
        <mfServerCASConfiguration>
          <mfCASStructVersion>33</mfCASStructVersion>
          <mfServerCASStartupOptions>
            <mfCASPAC/>
            <mfCASSOR/>
            <mfConfigManagerData/>
            <mfCASShMemPages>512</mfCASShMemPages>
            <mfCASSICount>2</mfCASSICount>
            <mfCASShMemCushion>32</mfCASShMemCushion>
            <mfCASTraceTableSize>341</mfCASTraceTableSize>
            <mfCASLocalTraceSize>341</mfCASLocalTraceSize>
            <mfCASTraceMaxSize>0</mfCASTraceMaxSize>
            <mfCASRequestedLicenses>10</mfCASRequestedLicenses>
            <mfCASSysDir>$MFROOT\regions\REGION2\sysdir</mfCASSysDir>
            <mfCASHSFEnabled>0</mfCASHSFEnabled>
            <mfCASHSFWriteToDisk>0</mfCASHSFWriteToDisk>
            <mfCASHSFMaxFileSize>0</mfCASHSFMaxFileSize>
            <mfCASHSFMaxDisplayRecords>256</mfCASHSFMaxDisplayRecords>
            <mfCASHSFCreateJCLFileRecords>0</mfCASHSFCreateJCLFileRecords>
            <mfCASConsoleLogSize>0</mfCASConsoleLogSize>
            <mfCASDefaultSysDir/>
            <mfLogPath/>
            <mfCASDumpOnAbend>1</mfCASDumpOnAbend>
            <mfCASColdStartTrace>1</mfCASColdStartTrace>
            <mfCASAuxiliaryTrace>0</mfCASAuxiliaryTrace>
            <mfCASShowConsole>0</mfCASShowConsole>
            <mfCASRemoteDebug>0</mfCASRemoteDebug>
            <mfCASIRDSWarmStart>1</mfCASIRDSWarmStart>
            <mfCASIRDSFileName/>
            <mfCASIRDSMaxSize>0</mfCASIRDSMaxSize>
            <mfCASIRDSBufferQueueCount>0</mfCASIRDSBufferQueueCount>
            <mfCASStartOnSystemStart>0</mfCASStartOnSystemStart>
            <mfCASCICSEZASOKET>0</mfCASCICSEZASOKET>
            <mfCAS64Bit>0</mfCAS64Bit>
            <mfCASPurgeLogs>0</mfCASPurgeLogs>
            <mfCASPerformanceMonitor>0</mfCASPerformanceMonitor>
            <mfCASEventLogInformational>0</mfCASEventLogInformational>
            <mfCASEventLogWarning>0</mfCASEventLogWarning>
            <mfCASEventLogError>0</mfCASEventLogError>
            <mfCASEventLogSevere>0</mfCASEventLogSevere>
            <mfCASMTOEnabled>1</mfCASMTOEnabled>
            <mfCASCICSPersonality>1</mfCASCICSPersonality>
            <mfCASBatchEnabled>1</mfCASBatchEnabled>
            <mfCASIMSEnabled>0</mfCASIMSEnabled>
            <mfCASPLIEnabled>0</mfCASPLIEnabled>
            <mfMQLEnabled>0</mfMQLEnabled>
          </mfServerCASStartupOptions>
          <mfServerCASTraceOptions>
            <mfCASTraceFlagsTaskControl>1</mfCASTraceFlagsTaskControl>
            <mfCASTraceFlagsStorageControl>0</mfCASTraceFlagsStorageControl>
            <mfCASTraceFlagsTableManagement>0</mfCASTraceFlagsTableManagement>
            <mfCASTraceFlagsApplicationContainer>0</mfCASTraceFlagsApplicationContainer>
            <mfCASTraceFlagsRequestHandler>0</mfCASTraceFlagsRequestHandler>
            <mfCASTraceFlagsRMInterface>0</mfCASTraceFlagsRMInterface>
            <mfCASTraceFlagsCommunications>0</mfCASTraceFlagsCommunications>
            <mfCASTraceFlagsApplication>1</mfCASTraceFlagsApplication>
            <mfCASTraceFlagsExit>0</mfCASTraceFlagsExit>
          </mfServerCASTraceOptions>
          <mfServerMTOConfiguration/>
          <mfServerBatchConfiguration>
            <mfCASJCLMainframePollInterval>0</mfCASJCLMainframePollInterval>
            <mfCASJCLPATH>$MFROOT\regions\REGION2\loadlib</mfCASJCLPATH>
            <mfCASMFSYSCAT>sql://MYSERVER/VSAMDATA/catalog.dat?folder=/CAT</mfCASMFSYSCAT>
            <mfCASJCLALLOCLOC>sql://MYSERVER/VSAMDATA/?type=folder;folder=/CAT/data</mfCASJCLALLOCLOC>
            <mfCASJCLSYSPROCLIB>SYS1.PROCLIB</mfCASJCLSYSPROCLIB>
          </mfServerBatchConfiguration>
          <mfServerIMSConfiguration>
            <mfCASIMSCodesetBias>A</mfCASIMSCodesetBias>
            <mfCASIMSMFSAttributeBias>B</mfCASIMSMFSAttributeBias>
            <mfCASIMSMFSNullChar>x'1A'</mfCASIMSMFSNullChar>
            <mfCASIMSKeypointFrequency>64</mfCASIMSKeypointFrequency>
            <mfCASIMSDefaultMQName>1</mfCASIMSDefaultMQName>
            <mfCASIMSTrailingSpace>1</mfCASIMSTrailingSpace>
            <mfCASIMSDBLockedResourceTimeout>30</mfCASIMSDBLockedResourceTimeout>
            <mfCASIMSDBKeyCompression>1</mfCASIMSDBKeyCompression>
            <mfCASIMSDBIRLMLocking>0</mfCASIMSDBIRLMLocking>
            <mfCASIMSDBDumpOnLockTimeout>0</mfCASIMSDBDumpOnLockTimeout>
            <mfCASIMSDBDumpOnDeadlock>0</mfCASIMSDBDumpOnDeadlock>
            <mfCASIMSDBRollforwardRecovery>0</mfCASIMSDBRollforwardRecovery>
            <mfCASIMSDBDataCompression>1</mfCASIMSDBDataCompression>
            <mfCASIMSTMTransThreshold>0</mfCASIMSTMTransThreshold>
            <mfCASIMSTMMQMaxBlocks>32</mfCASIMSTMMQMaxBlocks>
            <mfCASIMSTMMQBufferCount>2</mfCASIMSTMMQBufferCount>
            <mfCASIMSTMMQColdStart>N</mfCASIMSTMMQColdStart>
            <mfCASIMSTMMQPersistColdStart>0</mfCASIMSTMMQPersistColdStart>
          </mfServerIMSConfiguration>
          <mfServerPLIConfiguration>
            <mfCASPLIUseJavaDebug>0</mfCASPLIUseJavaDebug>
            <mfCASPLIPromptPLITEST>0</mfCASPLIPromptPLITEST>
          </mfServerPLIConfiguration>
        </mfServerCASConfiguration>
      </mfServerExtendedConfiguration>
      <mfCommsProcessList>
        <mfCommsProcess>
          <objectclass>mfCommsServer</objectclass>
          <mfStructVersion>5</mfStructVersion>
          <mfUID>1.3.6.1.4.1.5043.1.21.6.654221ee.2660.42</mfUID>
          <mfServerUID>1.3.6.1.4.1.5043.1.21.1.654221ee.2660.41</mfServerUID>
          <mfInstance>1</mfInstance>
          <mfServerStatus>Stopped</mfServerStatus>
          <mfRequestedEndpoint>tcp:*:*</mfRequestedEndpoint>
          <mfActualEndpoint>tcp:0.0.0.0:0</mfActualEndpoint>
          <mfSSLCertificate/>
          <mfSSLKeyfile/>
          <mfSSLClientOption>1</mfSSLClientOption>
          <mfSSLMaxKeyLength>1024</mfSSLMaxKeyLength>
          <mfSSLAllowNULLCipher>No</mfSSLAllowNULLCipher>
          <mfSSLCARootfile/>
          <mfSSLAllowCertCNIPMismatch>No</mfSSLAllowCertCNIPMismatch>
          <mfSSLCheckCertRevocation>Yes</mfSSLCheckCertRevocation>
          <mfSSLCheckCertPublishersRevocation>No</mfSSLCheckCertPublishersRevocation>
          <mfSSLHonorServerCipherList>Yes</mfSSLHonorServerCipherList>
          <mfTLSProtocols/>
          <mfTLSCipherSuites/>
          <mfTLSDHMinimumGroupSize>0</mfTLSDHMinimumGroupSize>
          <mfTLSCipherGroups/>
          <mfSSLServerCARootfile/>
          <mfTLS13CipherSuites/>
          <mfTLSMiddleBoxCompatibilityMode>No</mfTLSMiddleBoxCompatibilityMode>
          <mfLogPath/>
          <mfAutoStart>1</mfAutoStart>
          <mfCustomConfiguration>[soap]
region=REGION2
</mfCustomConfiguration>
          <mfListenerList>
            <mfListener>
              <objectclass>mflistener</objectclass>
              <mfStructVersion>18</mfStructVersion>
              <mfUID>1.3.6.1.4.1.5043.1.21.2.654221ee.2660.43</mfUID>
              <mfServerUID>1.3.6.1.4.1.5043.1.21.6.654221ee.2660.42</mfServerUID>
              <cn>Web Services and J2EE</cn>
              <mfListenerStatus>Stopped</mfListenerStatus>
              <mfRequestedEndpoint>tcp:*:*</mfRequestedEndpoint>
              <mfActualEndpoint>tcp:0.0.0.0:0</mfActualEndpoint>
              <mfConnector>mfcs-mp::mfcs-mp</mfConnector>
              <mfError/>
              <description>SOAP/REST Web Services and J2EE</description>
              <mfSSLCertificate/>
              <mfSSLKeyfile/>
              <mfSSLClientOption>1</mfSSLClientOption>
              <mfSSLMaxKeyLength>0</mfSSLMaxKeyLength>
              <mfSSLAllowNULLCipher>No</mfSSLAllowNULLCipher>
              <mfSSLCARootfile/>
              <mfSSLAllowCertCNIPMismatch>No</mfSSLAllowCertCNIPMismatch>
              <mfSSLCheckCertRevocation>No</mfSSLCheckCertRevocation>
              <mfSSLCheckCertPublishersRevocation>No</mfSSLCheckCertPublishersRevocation>
              <mfSSLHonorServerCipherList>Yes</mfSSLHonorServerCipherList>
              <mfTLSProtocols/>
              <mfTLSCipherSuites/>
              <mfTLSDHMinimumGroupSize>0</mfTLSDHMinimumGroupSize>
              <mfTLSCipherGroups/>
              <mfSSLServerCARootfile/>
              <mfTLS13CipherSuites/>
              <mfTLSMiddleBoxCompatibilityMode>No</mfTLSMiddleBoxCompatibilityMode>
              <mfCustomConfiguration/>
            </mfListener>
            <mfListener>
              <objectclass>mflistener</objectclass>
              <mfStructVersion>18</mfStructVersion>
              <mfUID>1.3.6.1.4.1.5043.1.21.2.654221ee.2660.44</mfUID>
              <mfServerUID>1.3.6.1.4.1.5043.1.21.6.654221ee.2660.42</mfServerUID>
              <cn>Web</cn>
              <mfListenerStatus>Disabled</mfListenerStatus>
              <mfRequestedEndpoint>tcp:*:*</mfRequestedEndpoint>
              <mfActualEndpoint>tcp:0.0.0.0:0</mfActualEndpoint>
              <mfConnector>http-switch::http-switch</mfConnector>
              <mfError/>
              <description>Basic HTTP web server</description>
              <mfSSLCertificate/>
              <mfSSLKeyfile/>
              <mfSSLClientOption>1</mfSSLClientOption>
              <mfSSLMaxKeyLength>0</mfSSLMaxKeyLength>
              <mfSSLAllowNULLCipher>No</mfSSLAllowNULLCipher>
              <mfSSLCARootfile/>
              <mfSSLAllowCertCNIPMismatch>No</mfSSLAllowCertCNIPMismatch>
              <mfSSLCheckCertRevocation>No</mfSSLCheckCertRevocation>
              <mfSSLCheckCertPublishersRevocation>No</mfSSLCheckCertPublishersRevocation>
              <mfSSLHonorServerCipherList>Yes</mfSSLHonorServerCipherList>
              <mfTLSProtocols/>
              <mfTLSCipherSuites/>
              <mfTLSDHMinimumGroupSize>0</mfTLSDHMinimumGroupSize>
              <mfTLSCipherGroups/>
              <mfSSLServerCARootfile/>
              <mfTLS13CipherSuites/>
              <mfTLSMiddleBoxCompatibilityMode>No</mfTLSMiddleBoxCompatibilityMode>
              <mfCustomConfiguration>[virtual paths]
cgi=&lt;ES&gt;/bin
uploads=&lt;ES&gt;/deploy
docs=&lt;ES&gt;/help

[allow]
cgi=mfdeploy.exe
uploads=*.txt *.car *.wsdl
</mfCustomConfiguration>
            </mfListener>
            <mfListener>
              <objectclass>mflistener</objectclass>
              <mfStructVersion>18</mfStructVersion>
              <mfUID>1.3.6.1.4.1.5043.1.21.2.654221ee.2660.45</mfUID>
              <mfServerUID>1.3.6.1.4.1.5043.1.21.6.654221ee.2660.42</mfServerUID>
              <cn>TN3270</cn>
              <mfListenerStatus>Stopped</mfListenerStatus>
              <mfRequestedEndpoint>tcp:*:*</mfRequestedEndpoint>
              <mfActualEndpoint>tcp:0.0.0.0:0</mfActualEndpoint>
              <mfConnector>tn3270::tn3270</mfConnector>
              <mfError/>
              <description>Default TN3270 listener</description>
              <mfSSLCertificate/>
              <mfSSLKeyfile/>
              <mfSSLClientOption>1</mfSSLClientOption>
              <mfSSLMaxKeyLength>0</mfSSLMaxKeyLength>
              <mfSSLAllowNULLCipher>No</mfSSLAllowNULLCipher>
              <mfSSLCARootfile/>
              <mfSSLAllowCertCNIPMismatch>No</mfSSLAllowCertCNIPMismatch>
              <mfSSLCheckCertRevocation>No</mfSSLCheckCertRevocation>
              <mfSSLCheckCertPublishersRevocation>No</mfSSLCheckCertPublishersRevocation>
              <mfSSLHonorServerCipherList>Yes</mfSSLHonorServerCipherList>
              <mfTLSProtocols/>
              <mfTLSCipherSuites/>
              <mfTLSDHMinimumGroupSize>0</mfTLSDHMinimumGroupSize>
              <mfTLSCipherGroups/>
              <mfSSLServerCARootfile/>
              <mfTLS13CipherSuites/>
              <mfTLSMiddleBoxCompatibilityMode>No</mfTLSMiddleBoxCompatibilityMode>
              <mfCustomConfiguration/>
            </mfListener>
          </mfListenerList>
        </mfCommsProcess>
      </mfCommsProcessList>
      <mfHandlerList>
        <mfHandler>
          <objectclass>mfHandler</objectclass>
          <mfStructVersion>2</mfStructVersion>
          <mfUID>1.3.6.1.4.1.5043.1.21.5.654221ee.2660.46</mfUID>
          <mfServerUID>1.3.6.1.4.1.5043.1.21.1.654221ee.2660.41</mfServerUID>
          <cn>MFRHBINP</cn>
          <mfHandlerStatus>Enabled</mfHandlerStatus>
          <description>Handles J2EE requests</description>
          <mfCustomConfiguration/>
          <mfHandlerPath/>
        </mfHandler>
        <mfHandler>
          <objectclass>mfHandler</objectclass>
          <mfStructVersion>2</mfStructVersion>
          <mfUID>1.3.6.1.4.1.5043.1.21.5.654221ee.2660.47</mfUID>
          <mfServerUID>1.3.6.1.4.1.5043.1.21.1.654221ee.2660.41</mfServerUID>
          <cn>MFRHSOAP</cn>
          <mfHandlerStatus>Enabled</mfHandlerStatus>
          <description>Handles SOAP requests</description>
          <mfCustomConfiguration/>
          <mfHandlerPath/>
        </mfHandler>
        <mfHandler>
          <objectclass>mfHandler</objectclass>
          <mfStructVersion>2</mfStructVersion>
          <mfUID>1.3.6.1.4.1.5043.1.21.5.654221ee.2660.48</mfUID>
          <mfServerUID>1.3.6.1.4.1.5043.1.21.1.654221ee.2660.41</mfServerUID>
          <cn>MFRHJCL</cn>
          <mfHandlerStatus>Enabled</mfHandlerStatus>
          <description>Handles batch requests</description>
          <mfCustomConfiguration/>
          <mfHandlerPath/>
        </mfHandler>
        <mfHandler>
          <objectclass>mfHandler</objectclass>
          <mfStructVersion>2</mfStructVersion>
          <mfUID>1.3.6.1.4.1.5043.1.21.5.654221ee.2660.49</mfUID>
          <mfServerUID>1.3.6.1.4.1.5043.1.21.1.654221ee.2660.41</mfServerUID>
          <cn>MFRHJSON</cn>
          <mfHandlerStatus>Enabled</mfHandlerStatus>
          <description>Handles REST requests</description>
          <mfCustomConfiguration/>
          <mfHandlerPath/>
        </mfHandler>
      </mfHandlerList>
      <mfServiceList>
        <mfService>
          <objectclass>mfService</objectclass>
          <mfStructVersion>16</mfStructVersion>
          <mfUID>1.3.6.1.4.1.5043.1.21.3.654221ee.2660.50</mfUID>
          <mfServerUID>1.3.6.1.4.1.5043.1.21.1.654221ee.2660.41</mfServerUID>
          <cn>Deployer</cn>
          <mfSearchOrder>1</mfSearchOrder>
          <mfServiceStatus>Available</mfServiceStatus>
          <mfServiceClass>MF deployment</mfServiceClass>
          <description>Deployment file-upload service</description>
          <mfTRMode>Unknown</mfTRMode>
          <mfLogMode>Off</mfLogMode>
          <mfError/>
          <mfCustomConfiguration>[MF client]
scheme=http
URL=/cgi/mfdeploy.exe/uploads
accept=application/x-zip-compressed

[destination]
listener=Web Services and J2EE
</mfCustomConfiguration>
          <mfListenerUID>
            <mfUID>1.3.6.1.4.1.5043.1.21.2.654221ee.2660.44</mfUID>
          </mfListenerUID>
        </mfService>
        <mfService>
          <objectclass>mfService</objectclass>
          <mfStructVersion>16</mfStructVersion>
          <mfUID>1.3.6.1.4.1.5043.1.21.3.654221ee.2660.51</mfUID>
          <mfServerUID>1.3.6.1.4.1.5043.1.21.1.654221ee.2660.41</mfServerUID>
          <cn>ES</cn>
          <mfSearchOrder>1</mfSearchOrder>
          <mfServiceStatus>Available</mfServiceStatus>
          <mfServiceClass>MF ES</mfServiceClass>
          <description>ES utility service</description>
          <mfTRMode>Unknown</mfTRMode>
          <mfLogMode>Off</mfLogMode>
          <mfError/>
          <mfCustomConfiguration/>
          <mfListenerUID>
            <mfUID>1.3.6.1.4.1.5043.1.21.2.654221ee.2660.43</mfUID>
          </mfListenerUID>
        </mfService>
        <mfService>
          <objectclass>mfService</objectclass>
          <mfStructVersion>16</mfStructVersion>
          <mfUID>1.3.6.1.4.1.5043.1.21.3.654221ee.2660.52</mfUID>
          <mfServerUID>1.3.6.1.4.1.5043.1.21.1.654221ee.2660.41</mfServerUID>
          <cn>CICS</cn>
          <mfSearchOrder>1</mfSearchOrder>
          <mfServiceStatus>Available</mfServiceStatus>
          <mfServiceClass>MF CICS</mfServiceClass>
          <description>CICS utility service</description>
          <mfTRMode>Unknown</mfTRMode>
          <mfLogMode>Off</mfLogMode>
          <mfError/>
          <mfCustomConfiguration/>
          <mfListenerUID>
            <mfUID>1.3.6.1.4.1.5043.1.21.2.654221ee.2660.43</mfUID>
          </mfListenerUID>
        </mfService>
        <mfService>
          <objectclass>mfService</objectclass>
          <mfStructVersion>16</mfStructVersion>
          <mfUID>1.3.6.1.4.1.5043.1.21.3.654221ee.2660.53</mfUID>
          <mfServerUID>1.3.6.1.4.1.5043.1.21.1.654221ee.2660.41</mfServerUID>
          <cn>JES</cn>
          <mfSearchOrder>1</mfSearchOrder>
          <mfServiceStatus>Available</mfServiceStatus>
          <mfServiceClass>MF JES</mfServiceClass>
          <description>Job Entry Subsystem service</description>
          <mfTRMode>Unknown</mfTRMode>
          <mfLogMode>Off</mfLogMode>
          <mfError/>
          <mfCustomConfiguration/>
          <mfListenerUID>
            <mfUID>1.3.6.1.4.1.5043.1.21.2.654221ee.2660.43</mfUID>
          </mfListenerUID>
        </mfService>
      </mfServiceList>
      <mfPackageList/>
      <mfXRMList/>
      <mfJESInitiatorList>
        <mfJESInitiator>
          <objectclass>mfJESInitiator</objectclass>
          <mfStructVersion>1</mfStructVersion>
          <mfUID>1.3.6.1.4.1.5043.1.21.12.65422464.2660.54</mfUID>
          <mfServerUID>1.3.6.1.4.1.5043.1.21.1.654221ee.2660.41</mfServerUID>
          <cn>INITALL</cn>
          <mfJESInitiatorClass>ABCDEFGHIJKLMNOPQRSTUVWXYZ01234567</mfJESInitiatorClass>
          <description/>
        </mfJESInitiator>
      </mfJESInitiatorList>
      <mfJESPrinterList/>
      <mfIMSMPRList/>
      <mfMQListenerList/>
    </mfServer>
  </mfServerList>

</mfDirectoryServerRepository>