<?xml version="1.1" encoding="UTF-8" standalone="no"?>
<Elements version="1.0">
    <ElementType elementTypeID="OFFL_ELE_Eclipse_File" elementTypeName="ECLIPSE_FILE">
        <Element id="OFFL_Model_localhost:0_/BankDemo/.cobolProj" label="OFFL_PROP_ECLIPSE_Name" name=".cobolProj">
            <Property PropertyID="OFFL_PROP_ELE_Matchname" PropertyValue="ECLIPSE_FILE"/>
            <Property PropertyID="OFFL_PROP_ELE_EclipseResourceID" PropertyValue="/BankDemo/.cobolProj"/>
        </Element>
        <Element id="OFFL_Model_localhost:0_/BankDemo/EBC.BNKACC.DAT" label="OFFL_PROP_ECLIPSE_Name" name="EBC.BNKACC.DAT">
            <Property PropertyID="OFFL_PROP_ELE_Matchname" PropertyValue="ECLIPSE_FILE"/>
            <Property PropertyID="OFFL_PROP_ELE_EclipseResourceID" PropertyValue="/BankDemo/EBC.BNKACC.DAT"/>
        </Element>
        <Element id="OFFL_Model_localhost:0_/BankDemo/EBC.BNKACC.PRO" label="OFFL_PROP_ECLIPSE_Name" name="EBC.BNKACC.PRO">
            <Property PropertyID="OFFL_PROP_ELE_Matchname" PropertyValue="ECLIPSE_FILE"/>
            <Property PropertyID="OFFL_PROP_ELE_EclipseResourceID" PropertyValue="/BankDemo/EBC.BNKACC.PRO"/>
        </Element>
        <Element id="OFFL_Model_localhost:0_/BankDemo/MBANK10.cpy" label="OFFL_PROP_ECLIPSE_Name" name="MBANK10.cpy">
            <Property PropertyID="OFFL_PROP_ELE_Matchname" PropertyValue="ECLIPSE_FILE"/>
            <Property PropertyID="OFFL_PROP_ELE_EclipseResourceID" PropertyValue="/BankDemo/MBANK10.cpy"/>
        </Element>
        <Element id="OFFL_Model_localhost:0_/BankDemo/JCL Debug.launch" label="OFFL_PROP_ECLIPSE_Name" name="JCL Debug.launch">
            <Property PropertyID="OFFL_PROP_ELE_Matchname" PropertyValue="ECLIPSE_FILE"/>
            <Property PropertyID="OFFL_PROP_ELE_EclipseResourceID" PropertyValue="/BankDemo/JCL Debug.launch"/>
        </Element>
        <Element id="OFFL_Model_localhost:0_/BankDemo/.cobolBuild" label="OFFL_PROP_ECLIPSE_Name" name=".cobolBuild">
            <Property PropertyID="OFFL_PROP_ELE_Matchname" PropertyValue="ECLIPSE_FILE"/>
            <Property PropertyID="OFFL_PROP_ELE_EclipseResourceID" PropertyValue="/BankDemo/.cobolBuild"/>
        </Element>
        <Element id="OFFL_Model_localhost:0_/BankDemo/CICS Debug.launch" label="OFFL_PROP_ECLIPSE_Name" name="CICS Debug.launch">
            <Property PropertyID="OFFL_PROP_ELE_Matchname" PropertyValue="ECLIPSE_FILE"/>
            <Property PropertyID="OFFL_PROP_ELE_EclipseResourceID" PropertyValue="/BankDemo/CICS Debug.launch"/>
        </Element>
        <Element id="OFFL_Model_localhost:0_/BankDemo/.project" label="OFFL_PROP_ECLIPSE_Name" name=".project">
            <Property PropertyID="OFFL_PROP_ELE_Matchname" PropertyValue="ECLIPSE_FILE"/>
            <Property PropertyID="OFFL_PROP_ELE_EclipseResourceID" PropertyValue="/BankDemo/.project"/>
        </Element>
        <Element id="OFFL_Model_localhost:0_/BankDemo/EBC.BNKACC.STR" label="OFFL_PROP_ECLIPSE_Name" name="EBC.BNKACC.STR">
            <Property PropertyID="OFFL_PROP_ELE_Matchname" PropertyValue="ECLIPSE_FILE"/>
            <Property PropertyID="OFFL_PROP_ELE_EclipseResourceID" PropertyValue="/BankDemo/EBC.BNKACC.STR"/>
        </Element>
    </ElementType>
    <ElementType elementTypeID="OFFL_ELE_Eclipse_Project" elementTypeName="ECLIPSE_PROJECT">
        <Element id="OFFL_Model_localhost:0_/BankDemo" label="OFFL_PROP_ECLIPSE_Name" name="BankDemo">
            <Property PropertyID="OFFL_PROP_ELE_EclipseResourceID" PropertyValue="/BankDemo"/>
        </Element>
    </ElementType>
    <ElementType elementTypeID="OFFL_ELE_Eclipse_Folder" elementTypeName="ECLIPSE_FOLDER">
        <Element id="OFFL_Model_localhost:0_/BankDemo/.settings" label="OFFL_PROP_ECLIPSE_Name" name=".settings">
            <Property PropertyID="OFFL_PROP_ELE_Matchname" PropertyValue="ECLIPSE_FOLDER"/>
            <Property PropertyID="OFFL_PROP_ELE_EclipseResourceID" PropertyValue="/BankDemo/.settings"/>
        </Element>
        <Element id="OFFL_Model_localhost:0_/BankDemo/loadlib" label="OFFL_PROP_ECLIPSE_Name" name="loadlib">
            <Property PropertyID="OFFL_PROP_ELE_Matchname" PropertyValue="ECLIPSE_FOLDER"/>
            <Property PropertyID="OFFL_PROP_ELE_EclipseResourceID" PropertyValue="/BankDemo/loadlib"/>
        </Element>
        <Element id="OFFL_Model_localhost:0_/BankDemo/Sources/cbl" label="OFFL_PROP_ECLIPSE_Name" name="cbl">
            <Property PropertyID="OFFL_PROP_ELE_Matchname" PropertyValue="ECLIPSE_FOLDER"/>
            <Property PropertyID="OFFL_PROP_ELE_EclipseResourceID" PropertyValue="/BankDemo/Sources/cbl"/>
        </Element>
        <Element id="OFFL_Model_localhost:0_/BankDemo/Sources/copybook" label="OFFL_PROP_ECLIPSE_Name" name="copybook">
            <Property PropertyID="OFFL_PROP_ELE_Matchname" PropertyValue="ECLIPSE_FOLDER"/>
            <Property PropertyID="OFFL_PROP_ELE_EclipseResourceID" PropertyValue="/BankDemo/Sources/copybook"/>
        </Element>
        <Element id="OFFL_Model_localhost:0_/BankDemo/Sources/bms" label="OFFL_PROP_ECLIPSE_Name" name="bms">
            <Property PropertyID="OFFL_PROP_ELE_Matchname" PropertyValue="ECLIPSE_FOLDER"/>
            <Property PropertyID="OFFL_PROP_ELE_EclipseResourceID" PropertyValue="/BankDemo/Sources/bms"/>
        </Element>
        <Element id="OFFL_Model_localhost:0_/BankDemo/Sources/jcl" label="OFFL_PROP_ECLIPSE_Name" name="jcl">
            <Property PropertyID="OFFL_PROP_ELE_Matchname" PropertyValue="ECLIPSE_FOLDER"/>
            <Property PropertyID="OFFL_PROP_ELE_EclipseResourceID" PropertyValue="/BankDemo/Sources/jcl"/>
        </Element>
        <Element id="OFFL_Model_localhost:0_/BankDemo/Sources" label="OFFL_PROP_ECLIPSE_Name" name="Sources">
            <Property PropertyID="OFFL_PROP_ELE_Matchname" PropertyValue="ECLIPSE_FOLDER"/>
            <Property PropertyID="OFFL_PROP_ELE_EclipseResourceID" PropertyValue="/BankDemo/Sources"/>
        </Element>
    </ElementType>
</Elements>
