<?xml version="1.1" encoding="UTF-8" standalone="no"?>
<Elelist actionID="OFFL_ACT_ELIST_GetEclipseChildren" elelistStructureID="OFFL_ELIST_FolderContent" id="LI_695c5f54-2b14-44c8-8c5e-d4d57500422f" resourceID="LE_2d8e504a-3221-4592-bbd5-568329b9d9aa" title="BankDemo Eclipse resource children" version="1.0">
    <listelement elementID="OFFL_Model_localhost:0_/BankDemo/.cobolBuild" entryID="LE_f88ab609-7352-45cc-a8fb-e0f1cc992dcd" position="0"/>
    <listelement elementID="OFFL_Model_localhost:0_/BankDemo/.cobolProj" entryID="LE_7749bb7e-6b1b-4ee2-a722-39e2f27c2a99" position="1"/>
    <listelement elementID="OFFL_Model_localhost:0_/BankDemo/.project" entryID="LE_937392d9-1311-4e67-878b-066e3c356f91" position="2"/>
    <listelement elementID="OFFL_Model_localhost:0_/BankDemo/.settings" entryID="LE_8f071b9c-464e-430e-bb68-08cb042e240a" position="3"/>
    <listelement elementID="OFFL_Model_localhost:0_/BankDemo/CICS Debug.launch" entryID="LE_dc67d541-6f20-440c-b2b6-20a7ae9cc490" position="4"/>
    <listelement elementID="OFFL_Model_localhost:0_/BankDemo/EBC.BNKACC.DAT" entryID="LE_8416628e-9d86-4f3e-bec8-2ae183eb0b8f" position="5"/>
    <listelement elementID="OFFL_Model_localhost:0_/BankDemo/EBC.BNKACC.PRO" entryID="LE_78e922b0-e256-4c3a-8fe5-7947174bdb13" position="6"/>
    <listelement elementID="OFFL_Model_localhost:0_/BankDemo/EBC.BNKACC.STR" entryID="LE_122a2e6e-a2c6-488a-8709-5ce060672da1" position="7"/>
    <listelement elementID="OFFL_Model_localhost:0_/BankDemo/JCL Debug.launch" entryID="LE_2510c96b-ca08-4330-b708-1cf4d94678cc" position="8"/>
    <listelement elementID="OFFL_Model_localhost:0_/BankDemo/loadlib" entryID="LE_a9019f55-07ce-4aed-a889-27ce798d97cd" position="9"/>
    <listelement elementID="OFFL_Model_localhost:0_/BankDemo/MBANK10.cpy" entryID="LE_0027dc3a-d927-44c1-bea7-666b3654212b" position="10"/>
    <listelement elementID="OFFL_Model_localhost:0_/BankDemo/Sources" entryID="LE_3492d38a-20e0-41f4-8686-d6b3283a51e4" position="11"/>
</Elelist>
