<?xml version="1.0" encoding="UTF-8" standalone="no"?>
<fileMappings>
    <fileMapping definedBy="Default" genericName="*.ASMMAC*" localCodePage="DEFAULT" remoteCodePage="DEFAULT" suffix="mac" transferMode="Text" type="Data Set"/>
    <fileMapping definedBy="Default" genericName="*.ASMLIN*" localCodePage="DEFAULT" remoteCodePage="DEFAULT" suffix="lin" transferMode="Text" type="Data Set"/>
    <fileMapping definedBy="Default" genericName="*.ASM*" localCodePage="DEFAULT" remoteCodePage="DEFAULT" suffix="asm" transferMode="Text" type="Data Set"/>
    <fileMapping definedBy="Default" genericName="*.ASS*" localCodePage="DEFAULT" remoteCodePage="DEFAULT" suffix="asm" transferMode="Text" type="Data Set"/>
    <fileMapping definedBy="Default" genericName="*.AWMMODEL*" localCodePage="DEFAULT" remoteCodePage="IBM037" suffix="model" transferMode="Text" type="Data Set"/>
    <fileMapping definedBy="Default" genericName="*.BMSOUT*" localCodePage="DEFAULT" remoteCodePage="DEFAULT" suffix="mod" transferMode="Text" type="Data Set"/>
    <fileMapping definedBy="Default" genericName="*.BMSMOD*" localCodePage="DEFAULT" remoteCodePage="DEFAULT" suffix="mod" transferMode="Text" type="Data Set"/>
    <fileMapping definedBy="Default" genericName="*.BMS*" localCodePage="DEFAULT" remoteCodePage="DEFAULT" suffix="bms" transferMode="Text" type="Data Set"/>
    <fileMapping definedBy="Default" genericName="*.CBL*" localCodePage="DEFAULT" remoteCodePage="DEFAULT" suffix="cbl" transferMode="Text" type="Data Set"/>
    <fileMapping definedBy="Default" genericName="*.CLIST*" localCodePage="DEFAULT" remoteCodePage="DEFAULT" suffix="tso" transferMode="Text" type="Data Set"/>
    <fileMapping definedBy="Default" genericName="*.CNTL*" localCodePage="DEFAULT" remoteCodePage="DEFAULT" suffix="jcl" transferMode="Text" type="Data Set"/>
    <fileMapping definedBy="Default" genericName="*.COB*" localCodePage="DEFAULT" remoteCodePage="DEFAULT" suffix="cbl" transferMode="Text" type="Data Set"/>
    <fileMapping definedBy="Default" genericName="*.COPY*" localCodePage="DEFAULT" remoteCodePage="DEFAULT" suffix="cpy" transferMode="Text" type="Data Set"/>
    <fileMapping definedBy="Default" genericName="*.CPY*" localCodePage="DEFAULT" remoteCodePage="DEFAULT" suffix="cpy" transferMode="Text" type="Data Set"/>
    <fileMapping definedBy="Default" genericName="*.DAT*" localCodePage="DEFAULT" remoteCodePage="DEFAULT" suffix="dat" transferMode="Binary" type="Data Set"/>
    <fileMapping definedBy="Default" genericName="*.DBD*" localCodePage="DEFAULT" remoteCodePage="DEFAULT" suffix="dbd" transferMode="Text" type="Data Set"/>
    <fileMapping definedBy="Default" genericName="*.DCL*" localCodePage="DEFAULT" remoteCodePage="DEFAULT" suffix="dcl" transferMode="Text" type="Data Set"/>
    <fileMapping definedBy="Default" genericName="*.DCTL*" localCodePage="DEFAULT" remoteCodePage="DEFAULT" suffix="dctl" transferMode="Text" type="Data Set"/>
    <fileMapping definedBy="Default" genericName="*.DDL*" localCodePage="DEFAULT" remoteCodePage="DEFAULT" suffix="ddl" transferMode="Text" type="Data Set"/>
    <fileMapping definedBy="Default" genericName="*.EXEC*" localCodePage="DEFAULT" remoteCodePage="DEFAULT" suffix="rex" transferMode="Text" type="Data Set"/>
    <fileMapping definedBy="Default" genericName="*.HTM*" localCodePage="DEFAULT" remoteCodePage="DEFAULT" suffix="html" transferMode="Text" type="Data Set"/>
    <fileMapping definedBy="Default" genericName="*.INC*" localCodePage="DEFAULT" remoteCodePage="DEFAULT" suffix="inc" transferMode="Text" type="Data Set"/>
    <fileMapping definedBy="Default" genericName="*.JCL*" localCodePage="DEFAULT" remoteCodePage="DEFAULT" suffix="jcl" transferMode="Text" type="Data Set"/>
    <fileMapping definedBy="Default" genericName="*.LINKLIB*" localCodePage="DEFAULT" remoteCodePage="DEFAULT" suffix="load" transferMode="Text" type="Data Set"/>
    <fileMapping definedBy="Default" genericName="*.LIST*" localCodePage="DEFAULT" remoteCodePage="DEFAULT" suffix="txt" transferMode="Text" type="Data Set"/>
    <fileMapping definedBy="Default" genericName="*.LMAP*" localCodePage="DEFAULT" remoteCodePage="DEFAULT" suffix="txt" transferMode="Text" type="Data Set"/>
    <fileMapping definedBy="Default" genericName="*.LST*" localCodePage="DEFAULT" remoteCodePage="DEFAULT" suffix="txt" transferMode="Text" type="Data Set"/>
    <fileMapping definedBy="Default" genericName="*.LOAD*" localCodePage="DEFAULT" remoteCodePage="DEFAULT" suffix="load" transferMode="Text" type="Data Set"/>
    <fileMapping definedBy="Default" genericName="*.MAC*" localCodePage="DEFAULT" remoteCodePage="DEFAULT" suffix="mac" transferMode="Text" type="Data Set"/>
    <fileMapping definedBy="Default" genericName="*.MFS*" localCodePage="DEFAULT" remoteCodePage="DEFAULT" suffix="mfs" transferMode="Text" type="Data Set"/>
    <fileMapping definedBy="Default" genericName="*.PL1INC*" localCodePage="DEFAULT" remoteCodePage="DEFAULT" suffix="inc" transferMode="Text" type="Data Set"/>
    <fileMapping definedBy="Default" genericName="*.PL1*" localCodePage="DEFAULT" remoteCodePage="DEFAULT" suffix="pli" transferMode="Text" type="Data Set"/>
    <fileMapping definedBy="Default" genericName="*.PLIINC*" localCodePage="DEFAULT" remoteCodePage="DEFAULT" suffix="inc" transferMode="Text" type="Data Set"/>
    <fileMapping definedBy="Default" genericName="*.PLI*" localCodePage="DEFAULT" remoteCodePage="DEFAULT" suffix="pli" transferMode="Text" type="Data Set"/>
    <fileMapping definedBy="Default" genericName="*.PROC*" localCodePage="DEFAULT" remoteCodePage="DEFAULT" suffix="jcl" transferMode="Text" type="Data Set"/>
    <fileMapping definedBy="Default" genericName="*.PSB*" localCodePage="DEFAULT" remoteCodePage="DEFAULT" suffix="psb" transferMode="Text" type="Data Set"/>
    <fileMapping definedBy="Default" genericName="*.REX*" localCodePage="DEFAULT" remoteCodePage="DEFAULT" suffix="rex" transferMode="Text" type="Data Set"/>
    <fileMapping definedBy="Default" genericName="*.SQL*" localCodePage="DEFAULT" remoteCodePage="DEFAULT" suffix="sql" transferMode="Text" type="Data Set"/>
    <fileMapping definedBy="Default" genericName="*.TASKLIB*" localCodePage="DEFAULT" remoteCodePage="DEFAULT" suffix="load" transferMode="Text" type="Data Set"/>
    <fileMapping definedBy="Default" genericName="*ZSERVER.XML*" localCodePage="DEFAULT" remoteCodePage="DEFAULT" suffix="model" transferMode="Text" type="Data Set"/>
    <fileMapping definedBy="Default" genericName="*.XML*" localCodePage="DEFAULT" remoteCodePage="DEFAULT" suffix="xml" transferMode="Text" type="Data Set"/>
    <fileMapping definedBy="Default" genericName="*.XSL*" localCodePage="DEFAULT" remoteCodePage="DEFAULT" suffix="xsl" transferMode="Text" type="Data Set"/>
    <fileMapping definedBy="Default" genericName="*.SOURCE*" localCodePage="DEFAULT" remoteCodePage="DEFAULT" suffix="cbl" transferMode="Text" type="Data Set"/>
    <fileMapping definedBy="Default" genericName="*.SRC*" localCodePage="DEFAULT" remoteCodePage="DEFAULT" suffix="cbl" transferMode="Text" type="Data Set"/>
    <fileMapping definedBy="Default" genericName="*.FILE" localCodePage="DEFAULT" remoteCodePage="DEFAULT" suffix="dat" transferMode="Binary" type="Data Set"/>
    <fileMapping definedBy="Default" genericName="*.VSAM" localCodePage="DEFAULT" remoteCodePage="DEFAULT" suffix="dat" transferMode="Binary" type="Data Set"/>
</fileMappings>
